,genes,logFC,logCPM,PValue,FDR
485,KMXK_0G01960,4.265611777,9.490337555,5.18E-11,1.44E-08
303,KMXK_0G03260,2.810001077,8.419337652,5.88E-11,1.44E-08
10,KMXK_0G03730,1.917296419,11.4781703,3.98E-10,6.51E-08
11,KMXK_0B04700,-1.927968116,10.95885615,4.07E-09,5.00E-07
98,KMXK_0C06300,-2.084470858,10.83652412,1.16E-08,1.14E-06
181,KMXK_0A03790,-2.674979128,9.653957619,9.58E-08,7.84E-06
132,KMXK_0H04430,-2.66452572,10.06398823,2.32E-07,1.62E-05
490,KMXK_0G02750,-2.86582483,9.035438377,4.52E-07,2.77E-05
235,KMXK_0B00860,2.260605728,7.399370873,1.15E-06,6.30E-05
269,KMXK_0G01390,-1.942641366,8.809393646,1.78E-06,8.73E-05
464,KMXK_0E04730,-2.487442317,8.321660397,2.54E-06,0.000113415
294,KMXK_0A07750,1.973421024,9.985959442,3.08E-06,0.00012607
463,KMXK_0A07560,-1.764590491,12.55944464,4.45E-06,0.000168022
340,KMXK_0A00480,-2.703304093,7.834727832,5.94E-06,0.000199149
377,KMXK_0A03180,-2.293084461,7.806846413,6.08E-06,0.000199149
38,KMXK_0B02970,1.104573926,11.74506305,2.69E-05,0.000824218
6,KMXK_0D02420,0.931239781,13.35583647,3.48E-05,0.001006013
204,KMXK_0G04220,1.517777138,11.26951466,3.79E-05,0.001033046
272,KMXK_0C05220,1.390495374,9.485377255,5.15E-05,0.001305811
22,KMXK_0G03550,-1.041992895,11.65018537,5.32E-05,0.001305811
209,KMXK_0A01850,-2.583681392,7.162940328,6.39E-05,0.001494355
398,KMXK_0B05930,2.292868097,7.438143102,7.42E-05,0.001655859
345,KMXK_0C06400,1.96736379,8.802010849,0.000110066,0.002349664
402,KMXK_0H00260,1.794886624,7.468800042,0.000129709,0.002653633
484,KMXK_0F04880,2.006642286,8.582351695,0.000143411,0.002816589
273,KMXK_0B05040,-1.984842588,10.27200996,0.000297144,0.005427138
461,KMXK_0E04920,5.074146621,17.47873774,0.000298437,0.005427138
128,KMXK_0B03200,-1.43978373,10.04728495,0.000320902,0.005627253
287,KMXK_0C07040,-1.86574372,7.39323646,0.000346018,0.005858445
29,KMXK_0E04230,1.741158595,11.71079577,0.000438126,0.007170657
47,KMXK_0H02200,-1.323299463,9.059141674,0.000498778,0.007291111
423,KMXK_0A06690,2.283880726,6.415550075,0.0005064,0.007291111
116,KMXK_0F04540,-0.974488039,12.33322681,0.000517947,0.007291111
314,KMXK_0B04900,-1.286348621,8.080523786,0.000527819,0.007291111
451,KMXK_0D05160,1.912412159,7.251831337,0.000533437,0.007291111
388,KMXK_0E01840,2.180782389,7.556150427,0.000538952,0.007291111
160,KMXK_0E00410,-1.699823565,9.59154704,0.000549432,0.007291111
185,KMXK_0B05430,1.250968483,9.478234027,0.00067478,0.008718867
124,KMXK_0A08010,1.302626296,10.31994493,0.000852146,0.010728295
202,KMXK_0G03470,1.684969468,9.702038318,0.00088484,0.010861407
231,KMXK_0G03640,1.141645295,9.957712229,0.001046457,0.012267608
195,KMXK_0E04320,-1.648224075,7.696075339,0.001049368,0.012267608
43,KMXK_0E03200,1.05992415,12.11388034,0.001166108,0.013313162
427,KMXK_0E02560,2.495086499,7.544210829,0.001193033,0.013313162
161,KMXK_0C03840,-1.266653676,9.47093936,0.001226188,0.013379072
141,KMXK_0A01320,1.20702169,11.98995396,0.001335648,0.014256588
88,KMXK_0A05270,-1.179637179,10.89729928,0.001371321,0.014325924
32,KMXK_0C01510,-1.039233094,11.85272863,0.001483075,0.015170624
274,KMXK_0H01760,-1.463986903,10.26640762,0.00167712,0.01680543
7,KMXK_0E00190,0.990427029,13.88401465,0.001813696,0.017810491
408,KMXK_0C05940,1.644260573,8.167394155,0.002006713,0.019319535
115,KMXK_0B01820,-0.850405549,12.35567386,0.002071562,0.019482746
1,KMXK_0G03150,1.356724791,13.89503659,0.002103026,0.019482746
14,KMXK_0A03750,0.75822634,13.65746873,0.002211156,0.020105142
323,KMXK_0B00330,1.655628181,7.108555316,0.002952356,0.026356489
465,KMXK_0D04660,-1.51713589,11.92313268,0.003706706,0.032360474
479,KMXK_0E04770,-1.334636795,15.86433483,0.003805129,0.032360474
299,KMXK_0B03690,-1.509980702,8.746828988,0.003822622,0.032360474
257,KMXK_0H03480,-1.247850666,8.925372383,0.00426324,0.035478825
77,KMXK_0E03480,1.056495454,10.15840095,0.004525457,0.037033321
206,KMXK_0A01420,-1.198090135,9.1030427,0.005288594,0.042568851
279,KMXK_0B07840,-1.479933594,11.0086947,0.005730666,0.045094595
255,KMXK_0C06530,-1.251727536,8.038078453,0.005786068,0.045094595
46,KMXK_0B05840,0.733590744,12.29393129,0.007046797,0.054062144
140,KMXK_0A00570,0.947750652,10.93094471,0.007251142,0.054774015
415,KMXK_0F00180,1.871415511,7.584544689,0.007736808,0.057557159
183,KMXK_0E01420,0.915677644,10.82298334,0.007966227,0.058379367
381,KMXK_0B02910,-1.701242297,6.970729239,0.008235833,0.058689008
189,KMXK_0H01220,-1.462975772,9.611325614,0.008247539,0.058689008
159,KMXK_0A03230,-1.651038431,9.484462545,0.008623622,0.058857865
489,KMXK_0D03030,1.005365732,8.121172939,0.008626256,0.058857865
225,KMXK_0C04280,-1.034220306,10.19572971,0.008630889,0.058857865
372,KMXK_0D06000,0.988637472,9.376336321,0.008861107,0.05960005
336,KMXK_0B04790,-1.085050659,8.827029538,0.00960217,0.063508594
358,KMXK_0D01880,-1.805263118,5.700581432,0.009700905,0.063508594
290,KMXK_0D05310,-0.911534562,9.987712065,0.01133984,0.073261332
467,KMXK_0F03480,-1.807794866,8.890810186,0.011576857,0.073821256
328,KMXK_0C04570,-1.674733783,9.940701288,0.011876658,0.074762037
158,KMXK_0E02140,-0.815186799,12.16485737,0.01237249,0.076897377
359,KMXK_0B06760,1.031412091,8.736161758,0.01277315,0.07801331
50,KMXK_0H00850,0.904316779,13.46772919,0.012869813,0.07801331
275,KMXK_0C02730,1.010592208,8.585569125,0.013137092,0.078662345
218,KMXK_0D00690,-0.796091868,9.527586117,0.013864296,0.082016496
108,KMXK_0C03590,1.073424144,11.04303384,0.01446514,0.084552187
166,KMXK_0C03950,0.853538036,10.86545508,0.015441469,0.089197189
110,KMXK_0D00970,-0.813767693,10.01560927,0.016116831,0.092015862
200,KMXK_0E01130,-0.869732869,7.974112385,0.017539387,0.098986654
210,KMXK_0E02020,-1.67549139,6.684475459,0.017794682,0.099286236
405,KMXK_0C01280,1.002513982,8.576073273,0.018622271,0.102736349
171,KMXK_0G00710,-1.066816537,9.217331195,0.020202268,0.110214596
223,KMXK_0A02290,-1.258424258,7.246441856,0.020805232,0.111234357
51,KMXK_0E05050,0.735947584,13.36915213,0.020995564,0.111234357
151,KMXK_0B05680,0.769446886,11.15857288,0.021076833,0.111234357
363,KMXK_0A04040,-1.06702826,7.949234606,0.021295376,0.111234357
285,KMXK_0D01210,1.454488936,7.325116385,0.021571118,0.11148862
55,KMXK_0C06930,-0.693403165,11.39524966,0.021892129,0.111566182
480,KMXK_0F04960,1.662170546,7.651611459,0.022121508,0.111566182
241,KMXK_0B03030,-0.992055418,8.668233876,0.022370618,0.111566182
319,KMXK_0C00770,-1.00250209,7.666779942,0.022495014,0.111566182
2,KMXK_0D01240,0.668875981,12.53441987,0.024718294,0.119920804
28,KMXK_0E05360,-1.010865617,7.996853274,0.025071607,0.119920804
19,KMXK_0A03010,0.560023734,13.00268726,0.025104256,0.119920804
188,KMXK_0D01000,0.776732577,9.629267026,0.025156503,0.119920804
322,KMXK_0G01680,-0.801045892,9.911640403,0.025570403,0.120721805
325,KMXK_0A02900,1.189871276,7.58823624,0.02594846,0.121339939
152,KMXK_0C06630,0.596434251,11.66779827,0.026485009,0.122680561
364,KMXK_0C04200,1.308138664,6.281734063,0.026826578,0.123101399
424,KMXK_0G00620,0.939804586,9.136659757,0.027432724,0.124409258
137,KMXK_0A06050,-0.881126493,8.45526066,0.027618349,0.124409258
432,KMXK_0A02060,-1.73962439,7.108135653,0.028132993,0.12557545
21,KMXK_0D06570,0.666896973,12.99197626,0.029415556,0.129236635
113,KMXK_0F00780,0.750490687,9.431639871,0.02947964,0.129236635
367,KMXK_0A06820,0.883905013,8.009206927,0.030398491,0.132085477
23,KMXK_0F01580,-0.826840889,12.55512592,0.032401127,0.13955222
30,KMXK_0D05520,-0.764409931,9.381952202,0.033393599,0.142576147
360,KMXK_0H00960,1.324274905,6.250173194,0.034081419,0.144258419
478,KMXK_0B04960,-0.789649797,10.38174671,0.03531136,0.146938786
52,KMXK_0H03120,-0.936693895,10.53478149,0.035313191,0.146938786
134,KMXK_0F01890,0.681280425,10.48497289,0.036331232,0.149281002
248,KMXK_0B01110,-1.127246315,9.771122401,0.036549127,0.149281002
471,KMXK_0A04060,-1.003499972,7.985602546,0.03678819,0.149281002
338,KMXK_0A05460,0.893643763,7.698668203,0.037537493,0.150694232
244,KMXK_0D02170,0.773187719,12.43314755,0.038217366,0.150694232
454,KMXK_0C03150,1.146499831,6.298600531,0.038240107,0.150694232
441,KMXK_0F00590,-1.039695981,7.973908556,0.038364112,0.150694232
203,KMXK_0B02740,-0.745517483,8.930580491,0.039109847,0.152404245
276,KMXK_0E03160,-1.087586333,8.331199247,0.039430041,0.152442125
111,KMXK_0D02010,0.75646472,12.2232825,0.040391653,0.154939858
114,KMXK_0E01990,0.595519335,12.68826696,0.042170922,0.160511028
436,KMXK_0B04050,1.185675725,8.300969488,0.04313635,0.162922674
253,KMXK_0D00300,-0.899993952,8.712083465,0.044233957,0.165792922
400,KMXK_0H02500,0.887847287,7.862824621,0.044732784,0.166245241
469,KMXK_0B07910,1.321782112,6.133672814,0.045031807,0.166245241
295,KMXK_0B05110,-0.846054892,7.49144228,0.045525092,0.166812091
176,KMXK_0B08130,-1.185643202,10.33497302,0.046240668,0.168179023
155,KMXK_0E04070,-0.908202908,9.330155231,0.04659451,0.168219886
440,KMXK_0B06630,-1.273583816,7.120745999,0.048584621,0.174124446
426,KMXK_0E05830,-1.360316116,7.626220416,0.050292289,0.17786712
163,KMXK_0E06260,0.689692738,9.577744205,0.05076124,0.17786712
16,KMXK_0C03060,-0.523786475,12.09066196,0.050961326,0.17786712
92,KMXK_0C05990,-0.63028623,11.80292104,0.051077931,0.17786712
157,KMXK_0A01770,0.531009801,11.72920307,0.051655694,0.178612294
327,KMXK_0A04590,0.728093091,7.838438183,0.052447738,0.1792256
193,KMXK_0B01030,0.536828659,12.29831067,0.052563109,0.1792256
208,KMXK_0E04970,-0.791015819,9.086397236,0.05317357,0.180056709
289,KMXK_0H01910,0.628568942,11.23777709,0.055514647,0.186696517
312,KMXK_0H01420,0.899580904,7.619407128,0.060607064,0.202435839
410,KMXK_0A02540,0.867021764,7.333086984,0.062909815,0.208707563
264,KMXK_0B05050,-0.899189663,10.90023604,0.066012657,0.217531642
59,KMXK_0F00940,-0.647855622,8.671494547,0.066610299,0.218037712
89,KMXK_0D03970,0.999322504,10.47107666,0.069501507,0.225994968
293,KMXK_0G00270,-1.067121041,9.48506527,0.071067984,0.22956829
307,KMXK_0A01170,-0.911065658,9.618040692,0.07169322,0.230074319
329,KMXK_0A07870,-1.0820496,7.156370736,0.073306109,0.233722724
150,KMXK_0B03710,-0.623208562,11.95468184,0.076687395,0.242925878
348,KMXK_0B08220,-0.833020286,10.94605926,0.078012566,0.244355146
212,KMXK_0A05670,1.316384518,9.757737688,0.078133927,0.244355146
8,KMXK_0D04260,0.731326482,7.618333229,0.078995409,0.245360798
332,KMXK_0B03090,-0.804047492,8.059819917,0.079628194,0.245360798
153,KMXK_0E00150,0.46274406,12.12205688,0.079954639,0.245360798
95,KMXK_0D05020,-0.534543606,11.10028377,0.081117788,0.246234127
288,KMXK_0F00600,-0.940877013,10.65475992,0.081242217,0.246234127
99,KMXK_0D01320,0.626703116,10.47841744,0.083117656,0.249648027
213,KMXK_0E02400,-0.726178256,9.842676694,0.083385492,0.249648027
175,KMXK_0H00330,0.740725077,10.70658289,0.084247906,0.249955231
486,KMXK_0H00440,0.728677534,7.93723588,0.084506249,0.249955231
277,KMXK_0C05420,-0.885724327,8.326102891,0.08648219,0.253965837
125,KMXK_0A04870,0.462454611,10.96669429,0.087196449,0.253965837
162,KMXK_0C02950,-0.865127958,9.275378659,0.087413903,0.253965837
393,KMXK_0E02040,1.07481395,7.901627747,0.088801428,0.256479419
318,KMXK_0A03160,-0.923361933,8.227508281,0.09091834,0.261057922
280,KMXK_0G01870,-0.817490617,9.151957924,0.09268725,0.264589765
34,KMXK_0G03120,0.426219992,11.68138661,0.094781299,0.269003572
221,KMXK_0F00520,-1.14768638,5.686759721,0.097116637,0.274047523
411,KMXK_0A03850,-1.156876458,6.403020015,0.098202755,0.275528873
482,KMXK_0C01570,-0.851766528,7.076184414,0.101001883,0.281772298
226,KMXK_0F00670,-0.647944787,8.439878495,0.103295651,0.28572736
217,KMXK_0D06030,0.674987234,10.43381872,0.103583442,0.28572736
383,KMXK_0B03360,-0.839843447,7.300001277,0.105217123,0.288612332
26,KMXK_0A03800,-0.462449672,11.23354296,0.106201824,0.288664361
310,KMXK_0D06100,-0.873737197,10.42781027,0.106411913,0.288664361
416,KMXK_0H02680,0.769150102,8.19054499,0.110277107,0.29644666
442,KMXK_0E05460,0.969527608,6.612546582,0.110965353,0.29644666
309,KMXK_0E02340,-0.906304156,8.621924781,0.111092027,0.29644666
268,KMXK_0C00270,-0.662769323,9.272618399,0.112850976,0.29951259
20,KMXK_0B05960,-0.399451135,11.62331095,0.113512164,0.299647702
94,KMXK_0F02600,-0.420994808,13.00176942,0.115047364,0.300455454
35,KMXK_0D04110,0.394766479,12.65174602,0.115716361,0.300455454
455,KMXK_0D04580,0.992497725,6.052149439,0.116566354,0.300455454
126,KMXK_0B00530,0.758189876,10.11841707,0.116850533,0.300455454
302,KMXK_0F00860,-0.766478016,7.607433325,0.116877784,0.300455454
417,KMXK_0G03050,0.968715738,8.176644808,0.118237595,0.301463256
472,KMXK_0F05570,1.296538767,8.032576345,0.118497777,0.301463256
330,KMXK_0A08150,-0.888724997,10.24724916,0.119865471,0.301919396
254,KMXK_0D05450,0.525988603,10.20411483,0.12085222,0.301919396
296,KMXK_0B01690,0.762382796,8.261375904,0.120923135,0.301919396
104,KMXK_0F05420,-0.617559025,7.740225013,0.121355078,0.301919396
109,KMXK_0B05750,0.345724924,12.5619047,0.12175161,0.301919396
304,KMXK_0G02340,0.695927294,8.843484569,0.123330559,0.304298013
147,KMXK_0B03580,0.739826313,10.67297334,0.124203571,0.304919768
331,KMXK_0B06280,0.955217748,10.49604842,0.125877622,0.306203032
474,KMXK_0B00180,-1.328036734,10.0383253,0.125973549,0.306203032
420,KMXK_0C01710,1.125265169,7.333241119,0.128137702,0.309929122
127,KMXK_0B07950,0.363198495,12.74133376,0.129500995,0.31169112
64,KMXK_0C01560,-0.530267327,9.861844314,0.130439159,0.312417694
66,KMXK_0F05000,0.570342935,10.94838878,0.131492465,0.313411653
130,KMXK_0E00220,0.520329016,10.3009613,0.134764834,0.31899834
251,KMXK_0C00720,-0.591456846,9.755737746,0.135135753,0.31899834
240,KMXK_0E00470,-0.821189907,8.179878014,0.136501061,0.319195778
351,KMXK_0E05630,0.761861311,7.585226595,0.136519579,0.319195778
196,KMXK_0D01570,0.79843332,8.450441035,0.140720117,0.327457714
237,KMXK_0E03280,-0.493962405,11.40874181,0.141639994,0.328043571
65,KMXK_0A05810,-0.411575642,11.09591554,0.14327816,0.330279702
445,KMXK_0B05080,-0.800639078,8.679335018,0.145795993,0.334513237
438,KMXK_0B06160,0.759206272,9.324895284,0.146882413,0.335438441
397,KMXK_0F05120,-0.739923089,7.966139585,0.15421315,0.350549336
425,KMXK_0F00900,-0.992987048,7.806280687,0.159235706,0.360298303
382,KMXK_0D03920,-0.625478077,8.045787669,0.160667719,0.361870871
260,KMXK_0F01350,-0.847748572,8.759075696,0.163297198,0.366113808
182,KMXK_0H00650,0.357935203,13.04723235,0.164582576,0.367318385
434,KMXK_0G03520,0.821378575,6.504206491,0.165896433,0.368526868
119,KMXK_0H00790,0.467416897,10.74861021,0.166625182,0.368526868
3,KMXK_0B01710,0.600485196,10.85434834,0.169316521,0.368527533
339,KMXK_0D05140,-0.829268592,8.35466644,0.169452018,0.368527533
481,KMXK_0D05750,-0.989225355,7.747319843,0.169805806,0.368527533
230,KMXK_0F04410,0.455041553,11.42715412,0.169889958,0.368527533
403,KMXK_0F04530,-0.654710631,9.260736131,0.170378309,0.368527533
222,KMXK_0A00740,-0.538154704,9.986333618,0.17795112,0.383219299
352,KMXK_0F05580,0.883182087,8.434092117,0.183717088,0.393908691
84,KMXK_0H00920,-0.374218891,10.91561987,0.186597204,0.395168233
177,KMXK_0H02790,-0.503280407,9.172113199,0.186655334,0.395168233
154,KMXK_0A01400,-0.363787495,11.91069789,0.186719002,0.395168233
75,KMXK_0E03090,-0.628457841,8.496606898,0.193764891,0.407159567
246,KMXK_0F00790,0.717682175,10.98305532,0.19404346,0.407159567
233,KMXK_0G02660,0.546466666,10.65317496,0.196205408,0.409389526
298,KMXK_0F04390,-0.508860344,10.30697813,0.196773784,0.409389526
262,KMXK_0B01180,0.46079973,9.668241293,0.20104816,0.416517496
297,KMXK_0F00440,-0.658816273,6.678132673,0.204835424,0.422580644
344,KMXK_0B04970,0.625144888,7.821440819,0.206911914,0.42507845
4,KMXK_0F03070,-0.632636658,10.80141603,0.208714102,0.425904091
33,KMXK_0D04930,-0.395888851,10.93885289,0.209048648,0.425904091
232,KMXK_0F01250,-0.577980404,10.10343195,0.212022678,0.428781991
488,KMXK_0A04200,-0.480486919,10.81974817,0.212207788,0.428781991
13,KMXK_0G03180,0.282701495,13.73066369,0.215297343,0.433241785
414,KMXK_0H04390,-0.634421008,7.456368254,0.22019791,0.441294586
362,KMXK_0E00450,-0.668832616,8.063543218,0.221136555,0.441374181
179,KMXK_0C04000,-0.52634211,8.506595576,0.223852661,0.442703576
40,KMXK_0C02640,-0.290157125,12.2192533,0.224448595,0.442703576
283,KMXK_0F03260,-0.546689852,7.945753712,0.224507516,0.442703576
317,KMXK_0E05650,-0.562676863,8.111056576,0.225939483,0.443337942
456,KMXK_0C00440,0.765017368,7.571667498,0.226635079,0.443337942
117,KMXK_0G03710,0.362194583,11.84429919,0.229110003,0.44640084
380,KMXK_0A03420,0.655456947,7.374937945,0.230120567,0.446597623
122,KMXK_0E05330,-0.37337884,11.3389363,0.233975912,0.452292018
37,KMXK_0F00380,-0.294324304,12.00342433,0.237398026,0.457107571
53,KMXK_0F03040,0.342315413,11.78935441,0.239252682,0.458879168
446,KMXK_0H02770,-0.675467693,7.477871054,0.248650061,0.474902502
190,KMXK_0C07160,0.422920908,8.689468453,0.249541437,0.474902502
250,KMXK_0A01580,-0.462711928,9.309370632,0.253102403,0.476383296
421,KMXK_0F04860,0.618079792,6.933186628,0.253167554,0.476383296
184,KMXK_0A01880,-0.406799802,10.88956975,0.254344159,0.476383296
214,KMXK_0A03270,-0.446613087,9.226730718,0.255096359,0.476383296
418,KMXK_0A00540,-0.638068504,6.794827746,0.255170686,0.476383296
413,KMXK_0C02440,0.661533943,7.745084848,0.259532471,0.47991537
207,KMXK_0F00270,-0.462723,10.59468885,0.259761182,0.47991537
386,KMXK_0G01740,-0.566316207,7.676119729,0.260783919,0.47991537
211,KMXK_0A00690,0.422201673,10.837552,0.261018262,0.47991537
334,KMXK_0A07690,-0.484248386,10.83545792,0.263257855,0.47991537
68,KMXK_0F01710,0.35012847,11.08989888,0.263820335,0.47991537
234,KMXK_0D04740,-0.425858166,10.23787466,0.263979078,0.47991537
97,KMXK_0B02830,-0.320696702,11.70940876,0.264882007,0.47991537
36,KMXK_0A01280,0.306788456,11.4981792,0.269382768,0.486275512
305,KMXK_0A02820,0.513642214,9.068090905,0.270722286,0.486903452
180,KMXK_0B07240,-0.401114401,9.349857787,0.273718156,0.489017822
42,KMXK_0B02340,-0.350770165,11.98513846,0.273889819,0.489017822
238,KMXK_0A04530,-0.488696921,10.83555316,0.27610003,0.491177952
112,KMXK_0F04370,0.383573345,11.35268254,0.278198178,0.493063001
258,KMXK_0F03610,0.463287279,7.476917537,0.279168054,0.493063001
71,KMXK_0C01210,-0.368784043,11.20676966,0.281027836,0.494400534
281,KMXK_0H02970,0.42434606,9.264265163,0.281939205,0.494400534
337,KMXK_0C02250,0.487147002,8.237570168,0.284982016,0.497957899
252,KMXK_0F03950,-0.514521954,8.433241191,0.288918295,0.503045684
219,KMXK_0C05510,-0.383582579,9.485704556,0.290138938,0.503385931
136,KMXK_0C07020,-0.36033259,9.866167051,0.292349529,0.503813155
419,KMXK_0H02600,-0.69681506,7.961611164,0.292437371,0.503813155
56,KMXK_0B03340,-0.259990419,13.05347657,0.294684412,0.504402396
205,KMXK_0C00350,-0.500259669,7.812847534,0.294833987,0.504402396
261,KMXK_0C05890,0.379807716,10.29306229,0.298626322,0.506507489
167,KMXK_0F00710,0.379057498,9.733470495,0.299689924,0.506507489
86,KMXK_0A05230,-0.457589589,8.195349196,0.299859202,0.506507489
236,KMXK_0F00190,0.420045854,10.30759927,0.300602516,0.506507489
138,KMXK_0B04770,-0.415913649,9.415274788,0.301222377,0.506507489
191,KMXK_0B00650,-0.367022975,11.82428479,0.316857654,0.53097989
491,KMXK_0B03010,-0.571099416,9.363731473,0.31805851,0.531179349
431,KMXK_0C02010,0.592010961,6.811241219,0.321106244,0.53445141
83,KMXK_0C07190,0.35024331,11.93713043,0.326569416,0.539971498
477,KMXK_0A01250,-0.466629008,10.19214383,0.326827947,0.539971498
15,KMXK_0H04250,0.390306149,11.91166632,0.330363427,0.539971498
72,KMXK_0B02780,-0.479178128,10.20138828,0.330702239,0.539971498
267,KMXK_0G04090,0.462526706,8.432893079,0.330838892,0.539971498
308,KMXK_0G01070,-0.428594902,8.679845042,0.331021224,0.539971498
143,KMXK_0A07730,-0.305983006,10.30763137,0.33393864,0.54084317
315,KMXK_0G00700,-0.578357513,8.685515061,0.33404228,0.54084317
379,KMXK_0G02050,0.624678583,6.512318603,0.335504821,0.54084317
57,KMXK_0E04750,0.28370514,12.47635342,0.335961644,0.54084317
422,KMXK_0F01120,0.461264076,7.370258735,0.339365229,0.544537018
48,KMXK_0C06330,-0.299170828,12.13417599,0.342890927,0.548402101
170,KMXK_0E02670,-0.3275196,11.85532663,0.3451355,0.550035077
142,KMXK_0B00660,0.295200734,11.89590122,0.346152421,0.550035077
27,KMXK_0C06020,-0.376773419,11.44791373,0.351835514,0.557262056
406,KMXK_0D04640,-0.74115213,5.434593285,0.35722635,0.563981151
321,KMXK_0C04750,-0.455541358,8.301013121,0.360756238,0.567728567
370,KMXK_0G03990,0.443539467,7.701509063,0.362254363,0.568255288
430,KMXK_0E01620,0.531574869,7.539977254,0.363405622,0.568255288
69,KMXK_0B07940,-0.480541289,10.44874243,0.36655882,0.571366288
216,KMXK_0D02230,-0.365564945,8.886990522,0.375137521,0.582887731
390,KMXK_0H01050,-0.401740675,9.977232611,0.379491512,0.587792847
376,KMXK_0F00490,0.60843202,7.384422604,0.385606318,0.594105568
313,KMXK_0G01090,-0.493486148,7.916984069,0.38598712,0.594105568
101,KMXK_0B01850,-0.296562378,10.79257534,0.38927065,0.597287153
439,KMXK_0A04950,-0.529710958,8.771665698,0.399659849,0.611317714
79,KMXK_0H03540,0.224107297,12.36718503,0.401276083,0.611883717
103,KMXK_0F04890,0.290822846,9.355690915,0.411283522,0.625201886
326,KMXK_0E00560,0.445942788,7.967561923,0.417387306,0.632522121
194,KMXK_0D04650,-0.264626041,10.84942407,0.441770112,0.665681881
453,KMXK_0G02330,-0.470537755,6.249600811,0.442161677,0.665681881
462,KMXK_0A06580,-0.50677495,8.121767533,0.443335998,0.665681881
5,KMXK_0G00680,-0.177934114,14.19038682,0.446785797,0.668816544
245,KMXK_0D05850,0.298416954,10.22113827,0.448865896,0.669888008
487,KMXK_0H04440,-0.328810345,9.286586087,0.450539644,0.670302342
31,KMXK_0B05900,0.361286493,10.13977373,0.451919958,0.670302342
399,KMXK_0C02380,0.435899427,7.004820617,0.453239058,0.670302342
105,KMXK_0A01390,-0.195171653,12.14993559,0.461711011,0.6807811
70,KMXK_0A00300,-0.242741642,10.42634608,0.463217121,0.680956906
61,KMXK_0H03500,-0.217855958,12.04511547,0.466437644,0.683090544
135,KMXK_0G04170,-0.24978284,11.08509229,0.467450963,0.683090544
247,KMXK_0F01210,-0.308773351,8.409949024,0.469168461,0.683565918
74,KMXK_0G01720,-0.205614051,11.91247353,0.473868001,0.68837038
63,KMXK_0C00130,0.491120499,10.22013364,0.48211922,0.69633423
164,KMXK_0G01480,0.221045799,10.27372511,0.482477479,0.69633423
102,KMXK_0E01660,0.301610101,10.17781728,0.484728631,0.69633423
371,KMXK_0C04760,0.353696828,6.497462412,0.485023028,0.69633423
78,KMXK_0B07570,0.177568078,11.99877789,0.489138479,0.698179545
265,KMXK_0C01500,-0.293289608,9.397784056,0.489925589,0.698179545
301,KMXK_0E04870,0.315574438,9.143484932,0.491298975,0.698179545
118,KMXK_0H04420,0.253517585,10.21342131,0.492313392,0.698179545
186,KMXK_0D01380,0.229851428,10.04344904,0.49341813,0.698179545
156,KMXK_0D01140,-0.239496953,11.70104793,0.497215453,0.701530998
192,KMXK_0E02660,0.228026894,11.50282415,0.501904666,0.704492193
468,KMXK_0B07340,0.48906324,8.621023514,0.502183844,0.704492193
60,KMXK_0F04010,-0.209413723,11.97771486,0.504215567,0.70532719
18,KMXK_0H00490,0.228209787,13.10959704,0.507502881,0.706482409
356,KMXK_0B06100,0.379063661,7.423342449,0.507919125,0.706482409
239,KMXK_0D01290,-0.352644503,7.702674421,0.515045428,0.714075879
54,KMXK_0E01760,0.157512691,12.51918269,0.516287041,0.714075879
17,KMXK_0F01270,-0.18448189,12.68378718,0.518906972,0.715683492
387,KMXK_0F05250,0.348601226,8.056369648,0.523076237,0.719412976
227,KMXK_0G02720,0.419002036,7.843150998,0.528076079,0.724260768
24,KMXK_0H01380,0.167585585,12.25993712,0.533490628,0.727735689
41,KMXK_0F01480,0.155127077,11.78064795,0.534382468,0.727735689
62,KMXK_0A00550,0.138846704,12.50299548,0.536134624,0.727735689
106,KMXK_0D01490,0.187965057,11.65736323,0.536538329,0.727735689
437,KMXK_0D03670,0.494487904,7.352540014,0.539926142,0.728063591
165,KMXK_0C06820,0.229185343,9.23752476,0.540136116,0.728063591
58,KMXK_0F00260,0.225013883,10.04823539,0.541228535,0.728063591
146,KMXK_0B03190,-0.228587805,10.44689777,0.54381289,0.729541336
428,KMXK_0A06380,-0.42544277,7.004745201,0.550066154,0.735919569
44,KMXK_0B02720,0.232417679,10.55902588,0.552231037,0.736808259
133,KMXK_0F00350,-0.184578914,11.59728794,0.553862378,0.736982189
229,KMXK_0E03890,-0.392158686,8.966026904,0.555783715,0.737213593
121,KMXK_0D04150,-0.185208566,12.50986631,0.557039191,0.737213593
475,KMXK_0A08060,0.382541332,6.683914252,0.562186053,0.742025139
271,KMXK_0D01910,-0.264334273,7.953358921,0.570711892,0.751258818
394,KMXK_0D06330,-0.266664931,7.707513513,0.572662579,0.751811032
365,KMXK_0D00240,-0.259869785,8.038968983,0.576557682,0.754494255
459,KMXK_0E00960,0.458910491,5.649580584,0.577779715,0.754494255
242,KMXK_0C04080,-0.269608516,9.016412717,0.58373994,0.760255465
145,KMXK_0G03210,-0.207789738,9.344115804,0.590967619,0.767626616
412,KMXK_0D04410,-0.384555583,6.002999838,0.592526451,0.767626616
169,KMXK_0F02550,0.240818495,9.544935384,0.596736723,0.77104666
282,KMXK_0A01590,-0.224648878,8.67491459,0.60768022,0.781915581
316,KMXK_0A04500,-0.263231114,9.816439474,0.608879473,0.781915581
353,KMXK_0C03640,-0.35417131,7.077828526,0.609926003,0.781915581
174,KMXK_0H02650,-0.215891389,9.582480327,0.614498513,0.785436981
82,KMXK_0E05560,0.158766794,12.04881531,0.615872175,0.785436981
286,KMXK_0C00810,-0.221447404,8.243811376,0.618243537,0.786418592
228,KMXK_0A01450,-0.308590594,8.59810857,0.621230271,0.788175874
93,KMXK_0C00180,0.266016175,10.29958265,0.625259363,0.790108186
375,KMXK_0E01890,0.316262947,7.080605722,0.625971658,0.790108186
407,KMXK_0E04850,-0.333714823,6.014471595,0.634199491,0.797305481
263,KMXK_0F00560,-0.247766518,7.000234269,0.634921472,0.797305481
284,KMXK_0B01680,0.239616825,7.852714049,0.638809137,0.799683296
311,KMXK_0A06740,0.218157801,7.666138993,0.640072374,0.799683296
391,KMXK_0E03700,-0.223144453,7.611529418,0.642177371,0.800276876
12,KMXK_0B07070,0.178467329,8.869002494,0.65305673,0.810573547
187,KMXK_0B02660,-0.211208835,8.908526132,0.653741598,0.810573547
73,KMXK_0A06750,0.130902143,11.19217047,0.663987839,0.818028723
357,KMXK_0E03020,-0.219681247,7.384556476,0.664080297,0.818028723
172,KMXK_0E05070,0.156010548,10.03108595,0.664752465,0.818028723
300,KMXK_0A04130,-0.254922685,8.656166099,0.668084641,0.820073896
45,KMXK_0A03690,-0.108762779,11.56079542,0.676363772,0.828166115
49,KMXK_0D05050,-0.093899817,12.5130809,0.678537018,0.828760388
355,KMXK_0B07490,0.268486764,6.446696426,0.683981167,0.833336856
460,KMXK_0F00730,-0.212734952,7.858929288,0.687192677,0.835177239
369,KMXK_0C04850,0.194643348,7.697119006,0.697925825,0.845813027
85,KMXK_0F01020,0.13534955,8.684123701,0.699389183,0.845813027
120,KMXK_0E01440,-0.143173239,10.15673387,0.702820681,0.847646524
123,KMXK_0A00700,0.103970996,12.03061335,0.704358007,0.847646524
452,KMXK_0A04830,0.174320953,8.100156829,0.711862501,0.850996498
473,KMXK_0E03370,-0.219302053,8.335624074,0.714444832,0.850996498
87,KMXK_0A05140,0.130952605,11.15243961,0.715526155,0.850996498
100,KMXK_0D04270,-0.118057348,12.73996555,0.719245917,0.850996498
373,KMXK_0C00690,0.167543711,8.350410388,0.719839851,0.850996498
392,KMXK_0C05140,0.259241787,6.24797095,0.720448149,0.850996498
197,KMXK_0D06060,0.103732491,11.55014315,0.720824507,0.850996498
457,KMXK_0F05070,0.242763206,6.043855074,0.721007216,0.850996498
320,KMXK_0C07290,-0.166051594,7.63495471,0.724174714,0.852685335
224,KMXK_0G01920,-0.158136951,8.943125039,0.727312401,0.853210946
366,KMXK_0B00570,0.224247129,7.159667715,0.728566478,0.853210946
90,KMXK_0A00760,-0.141351343,10.46820748,0.730175822,0.853210946
144,KMXK_0A03200,-0.100771304,11.92774193,0.732370887,0.853210946
429,KMXK_0A06130,-0.307977974,6.454547536,0.733309611,0.853210946
306,KMXK_0A06390,0.106282612,11.72158721,0.740803998,0.859893056
67,KMXK_0A01630,-0.100531246,11.27324434,0.746610107,0.863489394
466,KMXK_0A05160,0.143589867,13.72538537,0.747419537,0.863489394
292,KMXK_0H00160,-0.185379057,7.151761394,0.752704965,0.867554314
401,KMXK_0H04220,0.158271006,7.000710099,0.762458348,0.876737819
80,KMXK_0G00370,-0.110217609,10.8325371,0.764517543,0.877051668
335,KMXK_0C03810,-0.166706116,7.87584718,0.766464932,0.877236088
347,KMXK_0G02680,-0.150089724,7.185800784,0.775105881,0.883988662
354,KMXK_0A01600,0.199601293,7.684709894,0.775965608,0.883988662
220,KMXK_0A01810,-0.112627376,9.126903894,0.780418528,0.886005309
404,KMXK_0A02440,0.146346916,8.185090824,0.781344804,0.886005309
435,KMXK_0C00320,0.181837802,6.819334983,0.788626305,0.892201649
349,KMXK_0B07400,-0.188698138,7.142746728,0.790926004,0.892746363
243,KMXK_0H00530,-0.100169611,8.85871937,0.793797332,0.893932317
448,KMXK_0C06700,-0.154145624,6.543544653,0.798190046,0.896822226
91,KMXK_0H00420,-0.117602036,11.15860729,0.809455663,0.906758392
139,KMXK_0B04170,-0.067753726,12.13052892,0.810726953,0.906758392
266,KMXK_0E06060,0.104832213,8.683610312,0.812934029,0.907160474
107,KMXK_0B03540,0.065548941,12.21204109,0.817373128,0.910045819
385,KMXK_0D04940,-0.10465981,8.390157702,0.821713506,0.911067779
341,KMXK_0C00510,0.142474058,7.817472345,0.82200209,0.911067779
148,KMXK_0C01110,-0.089143689,9.111306053,0.828202478,0.912060161
342,KMXK_0G03740,-0.147493953,6.559555328,0.829392725,0.912060161
443,KMXK_0A07980,0.163544275,6.339435724,0.830748611,0.912060161
433,KMXK_0E00200,0.194129697,5.975074773,0.83210522,0.912060161
149,KMXK_0B02790,-0.107098123,7.741459973,0.832185239,0.912060161
198,KMXK_0C04880,-0.095976009,9.008594635,0.836435804,0.914677015
450,KMXK_0D01170,-0.254815545,5.837847188,0.839418522,0.915898876
201,KMXK_0A04000,-0.067859222,8.523594915,0.844763508,0.919112771
81,KMXK_0H00360,0.052444275,12.10477071,0.846107887,0.919112771
409,KMXK_0F00920,-0.089286023,8.063619447,0.850105427,0.91985013
378,KMXK_0B07150,-0.105061518,7.137564767,0.850533521,0.91985013
178,KMXK_0F01410,0.077313102,10.01876371,0.859760997,0.927786043
173,KMXK_0B02570,-0.074777936,9.914094415,0.863186755,0.929440124
168,KMXK_0A01700,0.065167048,9.369049341,0.866103653,0.930540249
39,KMXK_0E02480,-0.039856509,12.39318056,0.872662586,0.934795326
278,KMXK_0B07870,-0.074245052,9.013505623,0.874276944,0.934795326
444,KMXK_0H03970,-0.181853951,5.324214153,0.875775662,0.934795326
483,KMXK_0G00490,-0.084630921,10.61653955,0.880489098,0.937787738
389,KMXK_0G00960,-0.066255746,9.799735753,0.890199782,0.944795602
9,KMXK_0E05880,0.035366813,11.92256928,0.892003118,0.944795602
346,KMXK_0B05060,-0.071845724,7.542616347,0.892841465,0.944795602
396,KMXK_0C00920,-0.082209939,8.013472352,0.897538886,0.946910176
256,KMXK_0G04120,-0.072422603,9.542247352,0.899824909,0.946910176
470,KMXK_0E01920,-0.138493708,6.097878728,0.900625361,0.946910176
361,KMXK_0G01970,-0.104870812,6.648524737,0.905522293,0.950024457
25,KMXK_0F03550,-0.033642218,12.34202893,0.908027051,0.95062107
395,KMXK_0B01610,-0.110521983,6.880596191,0.910033155,0.950694211
129,KMXK_0B02930,-0.035618292,10.60007032,0.911993834,0.950719686
343,KMXK_0C02970,-0.087473557,7.408306415,0.920559858,0.955362188
131,KMXK_0D00960,0.028528863,11.50199812,0.922449661,0.955362188
458,KMXK_0D00420,0.083727555,6.380017725,0.923951979,0.955362188
76,KMXK_0H01460,0.025801293,13.11214253,0.924230222,0.955362188
476,KMXK_0C04360,0.080984408,9.259851855,0.927260132,0.955875613
270,KMXK_0E02190,-0.053697966,9.706457901,0.928620504,0.955875613
333,KMXK_0A02230,-0.04923742,7.279190395,0.937681804,0.961898939
199,KMXK_0H01530,0.029924434,11.46741951,0.938390207,0.961898939
291,KMXK_0C02660,0.049395192,9.208953937,0.94157863,0.963156473
447,KMXK_0B04270,0.095874142,6.232543605,0.950280124,0.970036468
249,KMXK_0B01430,0.014887171,9.741422744,0.978286531,0.996553292
215,KMXK_0D01450,0.012397079,8.417971085,0.983357541,0.999471724
259,KMXK_0F03880,-0.014224416,8.717837171,0.985222636,0.999471724
96,KMXK_0E02060,-0.002399331,11.35802257,0.997441467,1
449,KMXK_0D05870,-0.058420835,5.560904384,1,1
374,KMXK_0G01640,-0.022692724,6.557579471,1,1
368,KMXK_0B06070,-0.020416375,7.167410554,1,1
324,KMXK_0D02190,0.018835855,7.239463847,1,1
350,KMXK_0B02800,0.011834445,6.483156688,1,1
384,KMXK_0E05400,-0.011492175,6.807902704,1,1