,Ref_1,Ref_2,Ref_3,HiT_1,HiT_2,HiT_3,LpH_1,LpH_2,LpH_3,Osm_1,Osm_2,Osm_3
KMXK0G03150,0.532343215125,2.40746966,2.55004235375,4.21588446625,4.11224650625,4.6873602775,2.983505945,3.66157881125,4.06817241125,1.9531233475,2.96890979125,3.27069775125
KMXK0D01240,1.183532592625,1.3039932775,0.754157928125,1.9998179625,1.116561604625,1.64628033,1.30224825,1.25530249625,1.329120405,0.7005284355,1.033169648625,0.983224123
KMXK0B01710,0.203153903625,0.291687250875,0.40934035225,0.398627352125,0.334831149625,0.525952605375,0.36899256825,0.356128670625,0.7880254815,0.158556764125,0.338252591875,0.34383894
KMXK0F03070,0.278290240125,0.284971695625,0.51379275675,0.347857756375,0.0942417758375,0.203950962875,0.477887477875,0.3005582775,0.59926406175,0.531429784375,0.211115289,0.5854306615
KMXK0G00680,4.98879485125,3.9314034925,4.3949730325,3.28323519625,3.66597847875,3.89702270875,3.701794375,3.58311084,3.5438148125,3.574278115,3.96317616875,4.00553275875
KMXK0D02420,1.77168604,1.84458450375,1.9768105625,3.85859083,3.01904706875,3.0257708675,2.07800777625,1.984320185,2.14467252,1.286718625,1.47689904375,1.281148345
KMXK0E00190,1.29901419625,3.00256545875,2.94495639625,4.28285324,3.84774121375,5.14125288125,2.72535459125,2.75900532125,2.8420554975,2.4730188225,2.721994045,3.10719483625
KMXK0D04260,0.025719532125,0.03464181195,0.0374357601625,0.037271727275,0.0528146401125,0.059667549525,0.0270850185875,0.04292046185,0.0436633358375,0.030119612375,0.026773033,0.0367478184625
KMXK0E05880,0.94125287125,0.78485173275,0.835880739,0.75176394025,0.713918683,0.94655727375,0.782585060625,0.651420135875,0.826881718,0.79510113175,0.8122026635,0.76817820575
KMXK0G03730,0.288988937,0.39066839525,0.212363226125,1.053539502375,0.850330569875,1.196912075375,0.359801213,0.3970257235,0.28549481,0.681697892,0.702898541625,0.554303247125
KMXK0B04700,0.72306833875,0.4420797435,0.61410186025,0.13410258125,0.152518092125,0.144996139375,0.424641542625,0.41215372,0.4532248155,0.635182210875,0.512653942125,0.346342757625
KMXK0B07070,0.1097590498625,0.09852607055,0.0939584476625,0.1083346142375,0.1232115632875,0.086652284325,0.1030357371125,0.09263169235,0.05778971105,0.0809907030125,0.126895697125,0.054561173625
KMXK0G03180,3.117676665,2.29638996375,2.68796834375,3.05384222,2.94476794875,3.1035004575,2.48634165625,2.32113812125,2.4149621025,3.10349778375,3.11428187,3.14512101875
KMXK0A03750,2.54639365,2.54665766375,1.89327436375,3.57455500125,3.7270774575,3.62275596,2.43101136,2.39567747375,2.14784577,2.37540452875,1.87364409125,2.73771895125
KMXK0H04250,0.356318924125,0.749015041,0.909863232125,0.454750273125,0.777896935625,1.173873075125,0.7687439505,0.64540042125,0.650795843125,0.735510259625,1.18777104425,1.123026934875
KMXK0C03060,1.18705771125,0.953647619375,1.19616780075,0.95786535975,0.671676340875,0.538103451125,0.903172333875,0.847327437875,0.949349259,0.77405946675,1.097860004,0.81548873375
KMXK0F01270,1.69082885625,1.144210895,1.57573601125,0.88644271725,1.28213909375,1.39395895125,1.25221294125,1.01174304075,1.37520952,1.29350738375,1.70649093125,1.7628182425
KMXK0H00490,1.43741125875,1.84162762,2.02232145625,2.40727645125,2.5381561575,0.917998968,2.08467074,2.32448676125,1.179840600375,1.86403529875,2.04198746125,1.4364560025
KMXK0A03010,1.79864928625,1.36233367875,1.3170103675,1.9347172075,1.93056836125,2.21398836375,1.51759829875,1.55413018875,1.65639675625,1.58110045625,1.42113346,1.99023706625
KMXK0B05960,0.898827288375,0.641581875625,0.689008240625,0.5212669095,0.524986466625,0.515979354,0.600724076,0.638901563375,0.66485817525,0.69068133025,0.821171926,0.654164366625
KMXK0D06570,0.78618426175,1.5974289525,1.59224858625,1.69569787375,2.03356616375,2.10226824875,1.46964971,1.556653895,1.99097475375,1.4636781075,2.12156026625,1.732458505
KMXK0G03550,0.91951398275,0.784396531,0.863619990375,0.45975354925,0.409578931,0.293571795625,0.84885103875,0.7773194075,0.83918489375,0.68792156825,0.53131582325,0.609199541375
KMXK0F01580,1.37714973625,1.839923055,0.63222984525,0.642348262875,0.81954595525,0.5553736365,2.48421558875,1.9011841225,3.31145752375,0.38468852775,0.310481129375,0.607948402375
KMXK0H01380,1.077489534375,0.869249012375,1.156582784125,1.03639276,0.97875155125,1.195248678125,0.851495754625,0.716160687375,1.04485031525,1.26182571875,0.985548318875,0.975551374875
KMXK0F03550,1.11518678625,0.990190154375,0.930904219875,0.708152576625,0.928324289,1.085020730375,1.212777508125,1.078793445625,0.947064517,0.91978387525,1.4830927175,1.53297672375
KMXK0A03800,0.617466721125,0.478503162875,0.526734386875,0.4500267445,0.265192288125,0.37328053725,0.66958063175,0.57305216125,0.51340997825,0.52124671875,0.56109410325,0.44499377275
KMXK0C06020,0.3156323405,0.821807854625,0.89749201425,0.378418441125,0.333064125,0.71621977275,0.585883277125,0.483723289875,0.59512390025,0.520061451125,0.643208219,0.620557787625
KMXK0E05360,0.068549805075,0.0818323896375,0.0800827978875,0.0465468242625,0.0374197885125,0.022831856675,0.044270119775,0.0446478904375,0.0504458585,0.07386822265,0.038538673025,0.020897194625
KMXK0E04230,0.173477426625,0.38438382525,0.50025022725,0.56653115175,1.2781699775,1.39770742625,0.59277852525,0.99710937375,0.247384604125,0.659193175,0.80727673975,0.60065689775
KMXK0D05520,0.127224909,0.159621755,0.197657522875,0.06850173275,0.092358195475,0.101698680525,0.17591547625,0.120450869375,0.1404811825,0.13473719425,0.180603706125,0.141219233875
KMXK0B05900,0.32058506,0.1195750397625,0.142314388375,0.11330187015,0.25790942475,0.309032993375,0.241948067625,0.193898899125,0.34768936075,0.183253739125,0.239161128,0.29262137825
KMXK0C01510,0.942875713625,0.9105783215,1.28665894,0.64627024775,0.419338992375,0.361974604375,0.859830565875,0.580609846625,1.0373835485,0.702741759875,0.570291653875,0.904606021625
KMXK0D04930,0.40455304975,0.35249551275,0.557236656,0.43479866525,0.263720644375,0.234888414375,0.40109633,0.360595584375,0.424279077375,0.4460349895,0.5349932485,0.477611139375
KMXK0G03120,0.568157483625,0.567761103625,0.6637457375,0.66454592425,0.81954595525,0.7519876835,0.6660715545,0.5530281515,0.501511890625,0.7980833595,0.7094086025,0.876714908
KMXK0D04110,1.45994420625,1.10792109625,1.03334139325,1.7391367225,1.2474900475,1.39764346375,1.121793761875,1.217283327375,1.27161490875,1.2279672445,1.68618871125,1.4744559525
KMXK0A01280,0.774781479375,0.4635145185,0.681661418125,0.79667793925,0.702884731125,0.699335559,0.39883355975,0.41902295625,0.505335719625,0.594988471125,0.49459775275,0.611243255
KMXK0F00380,0.8548833215,0.834781986875,0.661733249,0.529224820875,0.584240583,0.6520963265,0.79669068,0.88044054875,0.740373970125,1.14834970875,1.36025085375,1.242184207875
KMXK0B02970,0.468896436875,0.60707291825,0.64506228,1.079365945125,1.146713096375,1.19446396625,0.408692861375,0.549517913375,0.388005339625,0.624726166875,0.614057238875,0.687368188375
KMXK0E02480,1.209064321,1.11583748475,1.2750185175,1.021981528625,1.061158682625,1.148007924625,0.758979112,0.93940146775,1.06723954375,1.35656046875,1.22337572925,1.194496122125
KMXK0C02640,1.0567517425,1.176091139375,0.96759789125,0.92534011225,0.710798060875,0.78815171125,0.856548409625,0.97113152525,0.77385371025,1.329105175,1.16507151575,1.19405533675
KMXK0F01480,0.754502787875,0.646390579125,0.6580859695,0.66030359525,0.68187641375,0.770352587875,0.674904217375,0.681745036625,0.4936913185,0.897088474625,0.943807732375,0.891729541625
KMXK0B02340,0.541207215375,1.026833881875,1.165041443375,0.51011981175,0.7645603435,0.705453429,0.69585304725,0.716160687375,0.863679592875,0.869686424875,1.098738625,1.14363195175
KMXK0E03200,0.36894582475,0.604531763625,0.872234770375,1.1681049545,1.30390455875,1.10435953575,0.7398665435,1.024790721625,0.61156814875,1.050013335,0.870306627,1.24129588075
KMXK0B02720,0.3692067,0.262800370875,0.360852478375,0.218015166,0.320405228875,0.521314029,0.47227998625,0.267076908875,0.348463418,0.181786311375,0.212794020375,0.14553200575
KMXK0A03690,0.6200604745,0.506901866,0.50895793825,0.467879650125,0.49939745525,0.438116351,0.760175235,0.727026433375,0.579336668875,0.648459658,0.909041210875,0.880623622
KMXK0B05840,1.0119048725,0.677968165,0.758713002125,1.068669325875,1.157036678375,1.50667524,1.006600519125,0.83502481525,1.07797426075,1.141188902125,1.092563197,1.0536476105
KMXK0H02200,0.126508760875,0.146034797875,0.171342995625,0.04873499225,0.0440210402125,0.0699122506125,0.13555725025,0.1218693421625,0.076030070175,0.105331448075,0.147966444375,0.1176637234875
KMXK0C06330,0.695050397,1.233698913625,1.09355799275,0.9348148935,0.79673471775,0.566421349625,1.2707431825,0.8363765655,1.203725152375,0.873214307625,0.637189234375,1.033138160375
KMXK0D05050,1.2900505325,1.2018053845,1.25535268875,1.255335195,0.9915734355,1.0099423225,1.1564742745,1.2675383625,1.1494632935,1.20342425425,1.4191682675,1.36861946125
KMXK0H00850,1.598913875,1.7026488575,2.6772765625,3.7783582,2.63527385625,3.90472748,2.18065980875,2.4684507275,2.00847344875,2.37376673125,0.797803595125,1.64307236125
KMXK0E05050,1.194636232625,1.86025669125,2.61695947125,3.0636256625,2.54428072125,3.127010555,1.92196622125,1.68938057625,2.3761645875,2.28130629125,1.4031003025,1.9535340375
KMXK0H03120,0.107777905975,0.35785859525,0.481596296375,0.17201583075,0.134021686,0.153335699375,0.268429154875,0.223620475875,0.30503910525,0.4119301355,0.559781782875,0.535910745
KMXK0F03040,0.413745896625,0.585943798625,0.76256725475,0.658691969125,0.659757323625,0.745363457875,0.718221992125,0.590495377,0.491105456375,1.045321690625,1.25812451375,0.90148642675
KMXK0E01760,1.4192364225,1.207491390875,1.07032749,1.16275269875,1.28542732625,1.35273835,1.013515008875,1.13525253175,1.24838038425,1.26435478125,1.123872773375,1.26531227
KMXK0C06930,0.679919988875,0.65521862775,0.750975987375,0.320385148875,0.450483631,0.419311517,0.537101728625,0.631974113,0.40159336025,0.738412775625,0.434040961875,0.6950518415
KMXK0B03340,1.82507063125,2.20785258875,1.73303141625,1.219625076125,1.90337066,1.34320394,1.40658974875,1.69140397125,1.5250403875,2.0471926375,2.02105882375,2.31630622
KMXK0E04750,1.04233270775,0.914409506625,1.49991097625,0.915791789625,1.60135940625,1.36564501875,0.8291573265,0.986834118125,1.0728379765,1.4748186975,1.31095211875,1.11420743625
KMXK0F00260,0.257383184375,0.139140426875,0.2011164385,0.243222824375,0.1545239605,0.244922166875,0.2089629435,0.18367541225,0.25834499125,0.196550515,0.239263956125,0.274042081
KMXK0F00940,0.1146863744,0.0834267610125,0.1064994643875,0.0528404887875,0.0551346411875,0.070727906825,0.081268922075,0.0681961099,0.0644852063625,0.0803813703875,0.1023278479625,0.1106728109875
KMXK0F04010,1.39198099125,0.812711276,0.878258459875,1.113822819375,0.78537771,0.590567055,0.971716794375,0.8244544855,0.60720669575,0.860767126125,0.661924576,0.5464567675
KMXK0H03500,0.57472058425,0.832594345375,0.927881536875,0.8071766585,0.501052338625,0.560135015375,1.183310034625,0.896424260375,0.66368375575,1.200103165125,1.12831808275,1.31146434375
KMXK0A00550,1.237498415625,1.13439516875,1.32425032375,1.240846421125,1.25078807625,1.27084951625,1.05926463025,0.952305269,0.8722815065,1.35772982625,1.34289244875,1.38916057875
KMXK0C00130,0.014122151275,0.16034228125,0.227224977375,0.328845575375,0.1018243538,0.1037106488375,0.1554296175,0.1207099221875,0.31667254075,0.482567538375,0.435266095125,0.528695539875
KMXK0C01560,0.286731801125,0.184863382625,0.23044421275,0.1158078337875,0.14402440125,0.185394403875,0.16745933875,0.16246915475,0.183065501125,0.210897856375,0.246513825125,0.177586441875
KMXK0A05810,0.56181129625,0.457908885125,0.56019147125,0.346379418375,0.335350906875,0.41173544125,0.43116524125,0.415847113875,0.42625542125,0.39973370875,0.55242886825,0.5382837605
KMXK0F05000,0.544889365875,0.268788852875,0.380161675375,0.40913169725,0.49351585825,0.7146602435,0.484813101,0.324674631625,0.25020852275,0.330622942125,0.403268203,0.238081279
KMXK0A01630,0.565287642625,0.540396474625,0.632055215125,0.697347305625,0.335350906875,0.472034717125,0.48191755625,0.4555860965,0.62354807625,0.481400909875,0.404026637375,0.43203675875
KMXK0F01710,0.252161139,0.419114762,0.5454502535,0.488768034125,0.446165970375,0.500586219875,0.448891381375,0.394040983,0.356186013375,0.487404930375,0.51817065725,0.535426736625
KMXK0B07940,0.0564870024,0.320683979875,0.519984063375,0.251748488875,0.195012094,0.155730066625,0.316580173625,0.3863659295,0.34407788275,0.264316250375,0.334833500125,0.3209021685
KMXK0A00300,0.301664933125,0.2520651155,0.31196720225,0.243420675375,0.29784733825,0.14379532625,0.274017413875,0.319041114125,0.22887811975,0.35327356675,0.4033760155,0.298393946875
KMXK0C01210,0.623315094125,0.4508606025,0.491066598875,0.5266779685,0.26770407275,0.33185400175,0.3945980415,0.49809926075,0.73321500975,0.42561312325,0.62327867,0.508588844625
KMXK0B02780,0.0889232027625,0.3002770055,0.43839217825,0.1768252785,0.13776884275,0.231424196875,0.216030825625,0.176788995625,0.1067077569,0.284338733625,0.341226746125,0.42248509575
KMXK0A06750,0.4893406345,0.48473103025,0.44240052325,0.637003259875,0.507314231875,0.309540120125,0.51532042325,0.381403941375,0.467276387875,0.602592320625,0.548849052,0.43427070925
KMXK0G01720,1.27902479,0.802240992,1.044063803375,0.667151902375,0.78937353975,1.025244708125,0.665253466,0.561289352625,0.479292375375,0.69428107625,0.844707431125,0.702092572375
KMXK0E03090,0.06871216195,0.09458815075,0.125319397625,0.0746197794875,0.026286211825,0.0708762743625,0.0971398423375,0.0684065048625,0.1156537452,0.0544549099625,0.0484044443625,0.0214853316
KMXK0H01460,2.06465757875,1.4875387225,1.935933655,1.904230375,1.93056836125,1.36986904,1.13505181475,1.760004495,1.790466925,2.5398893275,1.93513156125,2.24923811875
KMXK0E03480,0.150161592875,0.1512126835,0.14761927825,0.38356489675,0.21796018775,0.266172376375,0.1645123665,0.201126645625,0.34260614575,0.27145381375,0.275522397,0.229005003875
KMXK0B07570,0.6369110915,0.69933280925,0.771342498,0.69235356775,0.643750964875,0.85669765225,0.97496260075,0.806537906875,0.7736126295,1.201460346375,1.041737560125,1.090212642875
KMXK0H03540,1.09414665875,1.069478805625,1.056182632375,1.08789336975,1.5415624925,0.87793916275,0.758892172375,0.915268266625,0.5896669335,1.62779670625,1.2402118255,1.32891915375
KMXK0G00370,0.532786305625,0.3998795305,0.54562359125,0.599139120125,0.380644168375,0.30144323025,0.3476588155,0.18281910775,0.36775295725,0.248129449625,0.24041026525,0.355298221625
KMXK0H00360,0.878652540875,0.8848028715,1.088689266875,0.72238728375,1.190416293375,0.8306020225,0.760613893875,0.98458908875,0.74528968375,1.06007402675,0.914643134,0.887386287875
KMXK0E05560,0.82282377225,0.9846570325,0.961257727625,0.66395625175,0.755133419875,1.39113465625,0.708400136625,0.8152879955,0.86658478525,0.831151905875,0.777712571875,0.85676660425
KMXK0C07190,0.707945636,0.8848028715,0.933149975875,0.709860956375,0.670380515,1.53871235125,0.6984709945,0.58611586675,0.784073767875,0.82906049875,0.55414859,0.709943206625
KMXK0H00920,0.58812578325,0.40967476275,0.452199644875,0.384864625125,0.31770984975,0.3327535525,0.41964719575,0.3772732745,0.420832017125,0.400514823125,0.367649715375,0.316842234875
KMXK0F01020,0.103726425325,0.08162201415,0.09162558445,0.0845702793875,0.0961838135,0.099988713475,0.0782831494625,0.066538841275,0.0587271752625,0.0592923927625,0.08594265635,0.0852472024
KMXK0A05230,0.102748078675,0.0634514370625,0.0520321975125,0.0593910114,0.0617719106125,0.0274674369625,0.0826739639125,0.0560770463125,0.0463693920125,0.04799440145,0.0695665355875,0.03513775445
KMXK0A05140,0.607231434125,0.459489796875,0.400630104125,0.443004860625,0.46361537375,0.569215339875,0.5249521405,0.324674631625,0.553940975125,0.599447789375,0.267779756625,0.393267888125
KMXK0A05270,0.755263467,0.40106269325,0.27675416725,0.235179814875,0.15367565125,0.194763455125,0.548933845125,0.458020162375,0.5426829555,0.438434234375,0.38971996325,0.362164942375
KMXK0D03970,0.0347266627125,0.27052324225,0.215906229375,0.244925893625,0.4402262305,0.28574628,0.2902324185,0.403649579625,0.16782966075,0.32274993325,0.396476201125,0.43677777725
KMXK0A00760,0.367672924,0.29783191075,0.326170452,0.455162029625,0.181115453875,0.20461590375,0.435328456125,0.200405761125,0.333885997875,0.219255364625,0.194893979375,0.28100422925
KMXK0H00420,0.280881208375,0.457856887,0.7206258045,0.8269729805,0.172003118125,0.268895060125,0.61709545875,0.440614960875,0.594110341,0.476599456375,0.34969699275,0.466707895375
KMXK0C05990,0.675748199,0.43343112075,0.515855859,0.356309981,0.202472621875,0.403193680625,1.5088457525,1.146084137375,1.5833834675,0.74005944275,0.590446560125,0.724699914
KMXK0C00180,0.08374378725,0.2686389975,0.192124763625,0.19789310125,0.247877496625,0.165383019125,0.2824086585,0.45395367025,0.584462505625,0.2607726945,0.0616189300625,0.2899586675
KMXK0F02600,1.82507063125,1.843013295,2.13212513625,1.11110976375,1.67492952125,1.230757729375,1.34455037,1.6746068125,1.31543261375,2.67664047125,2.1973177875,1.52526321875
KMXK0D05020,0.634971953125,0.4885543385,0.499153543375,0.496966394125,0.2849250665,0.263499701,0.4499530695,0.40451900925,0.543410218625,0.467036524125,0.474737197,0.457343436625
KMXK0E02060,0.561375614375,0.679979069375,0.43978343725,0.40786283125,0.5151935345,0.61731672,0.41357182425,0.6147096335,0.57993273475,0.616975330875,0.63900163025,0.413177143625
KMXK0B02830,1.022799577875,0.634237553,0.699544439875,0.570129828625,0.520436097375,0.645148203375,0.4775425005,0.56691779025,0.673497092625,0.904776593875,0.73548808,0.88599845075
KMXK0C06300,0.70861803425,0.428965892625,0.380237897,0.130124563125,0.1007984740875,0.1002894985375,0.3298831535,0.44005707875,0.59798375825,0.454095825375,0.53863157925,0.37325042025
KMXK0D01320,0.14936832525,0.300457356625,0.268286838625,0.29308961775,0.27472962575,0.448324724375,0.222534597,0.252847177125,0.19189692825,0.369033224,0.4002892035,0.3391446845
KMXK0D04270,2.17272032875,1.6382889425,0.899514189,0.93499257375,1.33892797375,1.688827805,1.226189967375,1.2761214225,1.0491516655,1.52425754875,1.500352565,1.76120047375
KMXK0B01850,0.267388201875,0.413980073875,0.29897010775,0.182540413625,0.258662717125,0.2922252325,0.306015344375,0.4486178205,0.302530647375,0.423988446625,0.628310252125,0.602168308625
KMXK0E01660,0.145002903125,0.0798226092375,0.276230298375,0.14853205825,0.180310921625,0.23778194875,0.2406855005,0.223859788375,0.16819115275,0.3144177015,0.437482726,0.42248509575
KMXK0F04890,0.141872870875,0.131405878375,0.0857395331,0.1181235809,0.134344790625,0.151776561,0.1033766266375,0.1216368304875,0.151226551875,0.140150940375,0.161856947125,0.157546888875
KMXK0F05420,0.0721873785,0.036936731225,0.0535568285875,0.0318006349,0.0338846036625,0.032213468225,0.0466192994875,0.043402987975,0.0477280933375,0.0306682467,0.0412243505875,0.0333543592
KMXK0A01390,0.81755517375,1.1812104995,1.18227148875,0.87013952225,0.989630614125,0.727192106875,0.632322322125,0.9269831305,0.736654186375,0.957421962375,1.192294760625,1.12282470675
KMXK0D01490,0.737583779,0.7448351245,0.7302734925,0.810379829875,0.95763756075,0.58430697775,0.6118804305,0.5500957375,0.821637700875,0.579228581625,0.322557168625,0.51871364875
KMXK0B03540,0.824140005875,0.983829873875,1.001630681625,1.098961715125,1.090212356875,0.57016231475,0.97361128925,1.070660019,0.944964435375,1.32434186875,0.892501829,1.06022355
KMXK0C03590,0.1204039026125,0.236862016875,0.34086984,0.526820416375,0.480901625875,0.3655836165,0.59096666275,0.71490187975,0.397574785125,0.694215102125,0.232070025375,0.5194151825
KMXK0B05750,1.00358227325,1.10572750225,0.96628853925,1.32544354375,1.151793008625,1.145977102375,1.151981636,1.34419948875,1.12703417325,1.49706343125,1.678196535,1.5737995275
KMXK0D00970,0.24339408925,0.261897213125,0.229707888375,0.188426799625,0.1136283267625,0.08905888345,0.2151479895,0.200736158,0.226803724,0.266558008375,0.286753983875,0.252058397875
KMXK0D02010,0.751777508,0.55618719375,1.118724754,1.28695027875,0.967897382,1.5131285275,0.862942587375,0.808182596,0.62818996825,1.32943223125,0.577960781875,1.38491327125
KMXK0F04370,0.50561721725,0.67746546325,0.342474700375,0.73272044475,0.713096214,0.417070063,0.65130167675,0.64027688875,0.68894590625,0.506680001,0.219839237375,0.3555806935
KMXK0F00780,0.140078147625,0.107598646475,0.100355644125,0.166507356625,0.1493794995,0.221337996875,0.1314976325,0.1134837752125,0.0857698280125,0.164042622875,0.151161201,0.148971567875
KMXK0E01990,1.27720391125,1.28614399375,1.08300811675,1.066965375375,2.18995167375,1.817078865,1.2911313875,1.55717983375,1.00322221475,1.25862905125,1.118783227,1.34773116375
KMXK0B01820,1.48091091,1.54890837375,1.34344906625,0.551949151125,0.888088508125,0.795583384625,1.1143442515,1.13266007225,0.734207536,1.028971826,1.39211997875,1.109729955375
KMXK0F04540,1.52931299125,1.50454326125,1.34344906625,0.551949151125,0.888088508125,0.624575290375,1.16251453325,1.13266007225,0.679230073875,1.028971826,1.39211997875,1.109729955375
KMXK0G03710,0.89184887925,0.646747804375,0.712526742,0.8055201475,0.872127919625,0.9852899825,0.501734002,0.60332793125,0.757396373875,0.55794806275,0.749995484625,0.98950735925
KMXK0H04420,0.35235519825,0.30783740525,0.212423858375,0.31313782975,0.3418722805,0.307420354375,0.3316582615,0.148489358125,0.294430198375,0.0923043224,0.0820484221125,0.1074143850375
KMXK0H00790,0.4545335165,0.23442154725,0.367414127875,0.515285346,0.408880940875,0.42824163525,0.288890474875,0.376313225875,0.218216895625,0.24546096675,0.355788770375,0.345186078
KMXK0E01440,0.321838879875,0.19757237275,0.23433664225,0.333257041125,0.1502502115,0.154126298875,0.2112385915,0.236611341375,0.221489526375,0.25775179975,0.30254239575,0.20802433625
KMXK0D04150,1.56636764875,1.26974862875,0.76743570575,0.76407302,1.229396706375,0.934593001625,1.128071592625,1.5801690575,1.016376541625,1.143269717125,1.7912674225,1.39486084625
KMXK0E05330,0.653695644,0.46772911625,0.608718633125,0.424826829375,0.48316577425,0.3347483455,0.288154191375,0.43244257525,0.593624953375,0.63566129975,0.823530390875,0.72388794075
KMXK0A00700,0.902480961125,0.91223489,1.010629680375,0.73581121475,1.12469059625,0.945441163125,0.643950011,0.854428722125,0.51096099575,1.01308374975,0.823530390875,0.907241778125
KMXK0A08010,0.212943912875,0.157542193125,0.237701442125,0.26772753425,0.496522423125,0.606351805125,0.224249407375,0.238154616625,0.131413938375,0.15292903325,0.1923140845,0.1700450225
KMXK0A04870,0.418835951875,0.39113653675,0.355152948875,0.440553714,0.55405650375,0.4898222415,0.303435896625,0.364877307625,0.3289886035,0.45133122275,0.435991942,0.404178372375
KMXK0B00530,0.327966256875,0.212087564875,0.166083933375,0.5583190405,0.22092330525,0.329814501,0.230180497875,0.158113596875,0.39607178575,0.0159299377,0.0462135979,0.0220687958125
KMXK0B07950,1.274662635,1.48309942375,1.206732486375,1.496905715,1.8998747625,1.34393298875,1.3423362825,1.148821622875,1.247448813,1.78532083375,1.39114225,1.3915305025
KMXK0B03200,0.331503430625,0.278792600875,0.245055273375,0.144087681375,0.04734235005,0.099988713475,0.24155221625,0.245522467875,0.3125418815,0.189870858,0.249091252125,0.240551992625
KMXK0B02930,0.351151777875,0.277602466,0.2668210215,0.25652561475,0.25087708725,0.297157470125,0.311180334375,0.359364020125,0.384032131625,0.31420288125,0.3508920315,0.418934764
KMXK0E00220,0.16646820575,0.303594781375,0.242300823875,0.3464391625,0.25790942475,0.340113649625,0.29739426075,0.246703218375,0.1733099695,0.267504080875,0.215901861375,0.2378481605
KMXK0D00960,0.599113052125,0.610663524625,0.762901195,0.46192874475,0.646346601125,0.739492324875,0.492849318,0.644063884,0.53435276,0.488557708,0.6516145555,0.53669309225
KMXK0H04430,0.545009919,0.44883708125,0.468835340625,0.0948082271375,0.070132998825,0.050268870875,0.3121245535,0.1010017646,0.269152499625,0.04137822985,0.102185856975,0.152426216375
KMXK0F00350,0.70700469625,0.68780068875,0.657415841125,0.389324085125,0.83509481125,0.454210485375,0.592615798375,0.55966143975,0.6154316715,0.593364305625,0.955219679875,0.67789981425
KMXK0F01890,0.32843953725,0.261823394375,0.25764693,0.302919258625,0.46080723975,0.48493727525,0.25682009125,0.242070846125,0.2386659155,0.179373889125,0.229575990875,0.252912257375
KMXK0G04170,0.625973960375,0.5234190055,0.350047337,0.300446497375,0.4626758585,0.39938310975,0.35602325375,0.49210516575,0.48723708125,0.51222131375,0.584866268,0.3004813095
KMXK0C07020,0.24805742,0.190541087875,0.237701442125,0.208421398,0.1453666995,0.136368063625,0.17792162775,0.209349285125,0.18477166,0.168427174625,0.149713291375,0.24341970775
KMXK0A06050,0.1129981979125,0.0709600098625,0.0847245668,0.0559168309875,0.027567172375,0.0507852623875,0.0832470625,0.05956971005,0.085733581325,0.069997655,0.0891798704375,0.0579128632375
KMXK0B04770,0.253742945125,0.09873479865,0.166246103625,0.159395434125,0.08311708825,0.1169943197625,0.1498595885,0.122330297425,0.141308710375,0.14374476475,0.134502622,0.1047372597625
KMXK0B04170,1.231791741875,0.860790327125,1.01717891225,0.89188289725,0.880042032375,0.96433324175,0.562300936875,0.90787142025,0.952219400625,1.019648884875,1.044690128125,0.80140431325
KMXK0A00570,0.201280396125,0.240281584875,0.435390019,0.437667850875,0.497770177,0.620990280125,0.373620833625,0.285934119375,0.41152048675,0.39469425575,0.483359816375,0.406858066375
KMXK0A01320,0.40440146825,0.513566280375,0.791076986375,0.87933810175,0.886383354375,1.82126698375,0.865228821,0.6748605575,0.826804260375,0.71060089525,0.595552685,0.942199399625
KMXK0B00660,0.83441041325,0.9540946155,0.67878697975,0.741539978,1.015675391375,1.029922640125,0.363952584,0.65108597275,0.744215980125,0.847768708125,0.715871475375,0.8301737325
KMXK0A07730,0.33005190525,0.250805515625,0.283185248125,0.1992923075,0.22665993625,0.21948565825,0.29423364625,0.300362994375,0.38070583175,0.17408539025,0.23970748875,0.22311304
KMXK0A03200,0.724433194125,0.86979588175,0.8929206855,0.715031614375,0.87490622075,0.571923601625,0.680057892625,0.996963371625,0.475224808625,0.895088927125,0.922416619625,1.111180069625
KMXK0G03210,0.1899162775,0.08450699885,0.1384776535,0.136426365875,0.10735924845,0.08869616265,0.1248282138625,0.136164419625,0.15308351425,0.1759785155,0.1233903487125,0.13593290625
KMXK0B03190,0.191264352625,0.274054122125,0.434822439625,0.330775846125,0.181115453875,0.20461590375,0.307711766,0.28904356525,0.39814502975,0.282023421,0.263890581875,0.290714906625
KMXK0B03580,0.208658899625,0.401633803375,0.160156636375,0.239256923875,0.7097277635,0.25526806425,0.40109633,0.521150884375,0.205729900125,0.24435612375,0.362579470125,0.32655200325
KMXK0C01110,0.111626912775,0.0897911299,0.15118707575,0.0812949473125,0.092458699525,0.130143426375,0.093362003,0.094702273075,0.1208001173875,0.0972686287875,0.13471506425,0.1484087725
KMXK0B02790,0.0294462739875,0.037395050675,0.04866719505,0.0315152921,0.0297625014625,0.03772001335,0.0505659328875,0.05161930055,0.037450446925,0.0512471904875,0.0613494630125,0.0383434020875
KMXK0B03710,0.9689615045,1.099274619375,0.98737891225,0.715031614375,0.87490622075,0.2815048225,0.7212729475,1.07765843825,0.572315144375,1.037716983,0.879802806875,0.740555703375
KMXK0B05680,0.342934016625,0.32748103775,0.400630104125,0.793265382125,0.601278973,0.32309745875,0.576458597375,0.366325273875,0.408619996,0.45312226975,0.473151718875,0.600803535875
KMXK0C06630,0.60446909125,0.483689201375,0.554378279625,0.641878803875,0.83481738025,0.813060501375,0.601832172625,0.572284375375,0.734207536,0.669261189125,0.878002603125,0.655371039375
KMXK0E00150,0.9064034565,0.973121527125,0.809065242,0.943413784875,1.14143507175,1.3207076075,1.047359629875,1.026346597,1.116898889625,0.66668065825,0.468896722,0.51655980225
KMXK0A01400,1.074390600625,0.964435135375,0.80184326875,0.817624582875,0.799621020625,0.448940942875,0.766613223875,0.89167597025,0.823639883375,0.61414619525,0.75778279675,0.834810979125
KMXK0E04070,0.13300966125,0.15284622125,0.21682202525,0.14124143575,0.08470923975,0.0279142978625,0.155568372875,0.1055207037375,0.14228055525,0.13052274625,0.1537764195,0.144210318125
KMXK0D01140,0.481126137625,0.921727189,0.6478591725,0.593524412,0.617317941875,0.411872422375,0.584001109625,1.0113534825,0.417231624625,0.737422336125,1.155388433125,0.765881628
KMXK0A01770,0.48901023225,0.470289609625,0.491243701875,0.70865426,0.637719614625,0.59824285275,0.702783473625,0.84508703325,1.060892131,0.696663809,0.73294519825,0.979702195125
KMXK0E02140,1.17570541775,1.26224612625,1.177278034375,0.92017620475,0.719966276625,0.299200628875,0.72280733,0.95407785925,0.79612804625,1.37684430875,1.106781943125,1.030161740625
KMXK0A03230,0.348893445,0.250080359,0.227684308125,0.0508707825125,0.0783390160125,0.11026877965,0.147088583375,0.0450002804375,0.37960509275,0.0209334371,0.0561816273375,0.0268289187375
KMXK0E00410,0.2661592495,0.149372598,0.251508209375,0.122794476475,0.0485889959625,0.02265201305,0.1358167825,0.1485402475,0.200957793875,0.16181183825,0.183214310625,0.224168637
KMXK0C03840,0.1086794626375,0.155327487625,0.202148492875,0.0448543322125,0.061436258025,0.071806387425,0.13087833975,0.148150909125,0.158652662875,0.17368860075,0.224420529125,0.27734767075
KMXK0C02950,0.1300248065,0.156115211375,0.17721958775,0.138071852625,0.06327072195,0.038604923025,0.136928008,0.1231016875,0.139087653375,0.2036670215,0.173269220125,0.0507421278
KMXK0E06260,0.1007568467,0.0977658818625,0.1177084337625,0.111562952725,0.179505260625,0.178598860125,0.159208904375,0.10311320565,0.1155284734125,0.229058617,0.261544482625,0.22430463075
KMXK0G01480,0.27432611225,0.211069499375,0.289820565,0.249685655375,0.32473719875,0.262619692,0.247617155625,0.25971972775,0.185759722125,0.21617231075,0.258244270125,0.269645127
KMXK0C06820,0.1120030791875,0.1127870705125,0.0851050112125,0.1429433785,0.1098016555625,0.086059639575,0.0969565263,0.13878380025,0.0742125249125,0.147141374125,0.228961365625,0.152022524875
KMXK0C03950,0.329637762125,0.350225561125,0.339146699875,0.6860134625,0.57622407275,0.4548731885,0.285354050875,0.388834978375,0.31748796925,0.317324995375,0.148743128375,0.37802008625
KMXK0F00710,0.1067984468875,0.18364291675,0.1140995777625,0.1681962395,0.131600469125,0.185238772125,0.183397162625,0.164878614125,0.13308046,0.21571364875,0.212959916375,0.29475177275
KMXK0A01700,0.1172930916125,0.112007737625,0.172532245375,0.169976502625,0.1110692674125,0.1105084301375,0.155526119,0.1110478676875,0.1497331965,0.1201170138625,0.153734652375,0.134508693125
KMXK0F02550,0.2022478805,0.13408164675,0.1162960095125,0.280048987875,0.1128728291875,0.1082117233625,0.194107291625,0.157812937,0.0831827871375,0.126014362,0.201164833125,0.1233990028125
KMXK0E02670,1.26539633875,0.669579558375,0.56678263225,0.468568687875,0.799621020625,0.573140269375,0.69179124525,0.792223432375,1.07797426075,0.92647015925,0.7298962025,0.653579256625
KMXK0G00710,0.128695825375,0.1221912352375,0.1083110315375,0.085508863075,0.0202954318375,0.0528952566875,0.159208904375,0.157638135625,0.237439624375,0.13357717275,0.16531651175,0.0905067099375
KMXK0E05070,0.195072866375,0.19757237275,0.257127428125,0.282691871625,0.261331218375,0.13573578975,0.129988805,0.196471438125,0.16819115275,0.21402552575,0.282726922375,0.266967309125
KMXK0B02570,0.17462757825,0.156755813,0.28861493375,0.219553638875,0.1247610319875,0.199404883375,0.221470068,0.09128868945,0.1313839915,0.303915285625,0.257169993875,0.2137511
KMXK0H02650,0.16375296325,0.14699412975,0.1913031765,0.22306983975,0.131242297875,0.0545411352125,0.1724468405,0.127440647375,0.14512578925,0.215126550125,0.180791261625,0.14348155175
KMXK0H00330,0.33968020825,0.253189058,0.351710011125,0.666518435375,0.403316643625,0.401280121625,0.297029909875,0.340151825125,0.41021825825,0.37506177025,0.1104194084625,0.14020951075
KMXK0B08130,0.36392860025,0.435506201625,0.201524828,0.166603948125,0.236080487875,0.0165985168375,0.2792990525,0.31284682875,0.40540134825,0.310591597625,0.276081876125,0.2149850965
KMXK0H02790,0.105739691925,0.168708500625,0.140266328625,0.1229883337875,0.055792869775,0.0922550134625,0.111353562225,0.134542119625,0.1537867495,0.1074325063625,0.1100709082375,0.105202803475
KMXK0F01410,0.17345501325,0.166814690375,0.231725640375,0.132552445875,0.265726890125,0.1621344885,0.3623543845,0.286894922,0.253213432125,0.160725326625,0.0952150938,0.25664778675
KMXK0C04000,0.068875633175,0.0737835805375,0.070363008,0.0750540054,0.0226914341125,0.0397948598,0.125822424,0.099620195225,0.14337481425,0.0606518054,0.0453673200625,0.049978881875
KMXK0B07240,0.1119899908625,0.137191609875,0.19829957825,0.117433741375,0.0743692330375,0.120658078825,0.178753622125,0.1446953315,0.1312165195,0.121902746325,0.14181844125,0.119372721525
KMXK0A03790,0.56758420725,0.21564280975,0.17626543625,0.0381882237375,0.0568440100625,0.0432130765625,0.136630059,0.0845035397375,0.176784201625,0.15193803175,0.145987819625,0.2104898
KMXK0H00650,2.10362500125,1.36036160625,1.77042101625,1.70965808625,2.49772272375,1.99459694,1.476412405,1.8778130625,1.45960001375,1.51075151,1.4594059775,1.73788671125
KMXK0E01420,0.278350559625,0.229915384875,0.3515013875,0.436024091125,0.571588338125,0.49339667025,0.36521512175,0.201353353125,0.31915861075,0.461159720125,0.2897521105,0.4515886025
KMXK0A01880,0.30020365475,0.572040088125,0.21507374025,0.299288038625,0.231837686125,0.23066703625,0.529364803125,0.57743877725,0.509647412375,0.351562293875,0.442102976,0.457827716125
KMXK0B05430,0.1088945760875,0.12999458375,0.0687060981875,0.196613476625,0.269298319375,0.21258498375,0.14287719025,0.163619674125,0.09099298605,0.097436469675,0.1225300721,0.1248774921125
KMXK0D01380,0.22293822575,0.164503966875,0.276230298375,0.228364210625,0.238988707125,0.2515032805,0.32215391475,0.276244317625,0.26752565425,0.126956467625,0.088593553,0.1108224903125
KMXK0B02660,0.0835806595,0.098194607825,0.0487857403,0.05250343215,0.0973718725625,0.03643441675,0.14352695425,0.196394885,0.17641688325,0.062294127325,0.120771673425,0.0543776181875
KMXK0D01000,0.120658394875,0.134945667375,0.187455739875,0.203342408875,0.21496123925,0.279919195875,0.116919979,0.1234801831625,0.1008229063,0.17604935425,0.13576692575,0.127321156375
KMXK0H01220,0.132772585375,0.161378139,0.2529315625,0.112931677675,0.0632190298375,0.0127756248375,0.267838440375,0.277544912375,0.165446570125,0.196509513375,0.19974963575,0.1014751307125
KMXK0C07160,0.0555235158875,0.0787670845,0.064864932825,0.073058574525,0.0915119145,0.082671710425,0.134889327125,0.0991413974125,0.0899060735375,0.0531580455625,0.097170228625,0.0756665061375
KMXK0B00650,0.664539759375,0.9988604245,0.593175166625,0.384120938625,0.836855798125,0.4098264195,1.050059132,1.221362306625,0.62293275725,0.535382552125,0.91994881625,0.823760229625
KMXK0E02660,0.548847737625,0.419397542875,0.54581827425,0.506201388625,0.392119107625,0.722376292,0.75646523725,0.63928707375,0.424279077375,0.8412192755,0.528548027625,0.87368439575
KMXK0B01030,1.044675625,0.8063773495,1.1343901365,1.30179905625,1.60040577625,1.125534103,0.5801388765,0.78258297925,0.93523283025,1.051995328,1.243569871875,0.866875270625
KMXK0D04650,0.442033912625,0.56135729,0.28513790475,0.277675453625,0.446780974,0.272605473375,0.5285718605,0.390622060125,0.4834240815,0.31745363375,0.339832281625,0.219734856375
KMXK0E04320,0.0819583629375,0.0580333238625,0.0451052010125,0.034312192,0.0129248976375,0.0078861859475,0.054071431675,0.0425094380625,0.061180193125,0.0345468855,0.0369822414125,0.02074621645
KMXK0D01570,0.011902109995,0.0361875258625,0.09104001865,0.091792991875,0.0812723875625,0.0542246594,0.0768860927375,0.0510497993875,0.0549302199125,0.1089102957375,0.0968093116875,0.08936701335
KMXK0D06060,0.548847737625,0.72335627825,0.593175166625,0.73581121475,0.575715018375,0.55194075275,0.534707186625,0.59893310125,0.63661714125,0.454323539125,0.658529197125,0.823760229625
KMXK0C04880,0.1135808170375,0.1165923438125,0.1049902931375,0.164596821375,0.0533145966625,0.07504479645,0.13678084525,0.0999518288625,0.12245581255,0.11437664095,0.0476379329625,0.1030609293375
KMXK0H01530,0.721851133875,0.487248241875,0.388875757125,0.482385574125,0.6154560835,0.417070063,0.267838440375,0.683416457875,0.6223775585,0.584912473,0.7993682975,0.987890619125
KMXK0E01130,0.0766528590625,0.0652165248625,0.05780831225,0.0406827404125,0.0249890904875,0.035174254825,0.04820825585,0.050401922275,0.0476592926375,0.049329506475,0.0593718296875,0.044175804
KMXK0A04000,0.0864737740875,0.0776238604125,0.0746091273,0.076849185375,0.070150846575,0.0642243221875,0.0558455904,0.0764162269125,0.0722580242375,0.0747902974875,0.07224841845,0.08603470745
KMXK0G03470,0.134086153,0.0802173003625,0.0563827501875,0.335140381625,0.183505243875,0.284475687375,0.204076538625,0.2189515855,0.1072353844125,0.226941185875,0.0605039718,0.12768083575
KMXK0B02740,0.1089121919,0.12795531925,0.1177084337625,0.078858233875,0.05500088425,0.062137467525,0.0810717632375,0.10311320565,0.126328967875,0.09015500855,0.104883960075,0.13437127925
KMXK0G04220,0.221380561375,0.324049913,0.33848819025,0.910535221,1.03557361425,0.4371976335,0.661677501875,0.63282387025,0.4428863625,0.298823292125,0.265621142875,0.49855736825
KMXK0C00350,0.0746242537,0.034969739975,0.034025648525,0.0468772257125,0.0278322109,0.0199491514625,0.0555486004,0.03688241665,0.057687236975,0.049579573075,0.058608305275,0.037095682475
KMXK0A01420,0.17655704725,0.131601168875,0.171270252125,0.1173091072625,0.03939053215,0.0391916321375,0.1140222298375,0.076639570875,0.0865919735625,0.137798553625,0.15261015475,0.1135500845875
KMXK0F00270,0.293770870125,0.4054407495,0.4337411205,0.425721109375,0.246553786625,0.1063355848,0.231295201,0.376592778,0.266775097375,0.373878019,0.35923617125,0.33688885925
KMXK0E04970,0.15813965225,0.1250170445,0.0997768563,0.04306139795,0.073485061775,0.0858889682625,0.1177155671625,0.131854875875,0.14015100175,0.14149987975,0.144974931875,0.0692311855125
KMXK0A01850,0.029335517275,0.0320349140625,0.0790608209125,0.003218507365,0.005968982905,0.01188632894875,0.066243359,0.0358347425125,0.037153949525,0.00424117279625,0.00698036510375,0.0156233344125
KMXK0E02020,0.026726147925,0.0195002840125,0.0312226227375,0.00964581792375,0.00291626597125,0.00946969826625,0.0263684641375,0.0335374088,0.00556191404375,0.00938739413375,0.038735277175,0.015854882625
KMXK0A00690,0.34792294775,0.422882161125,0.270887756,0.256744881875,0.623187373375,0.411017655375,0.2739308635,0.506440824625,0.39364995875,0.271545541375,0.362174261625,0.36487749725
KMXK0A05670,0.2928092255,0.0766668511375,0.0997768563,0.157657328875,0.4825979115,0.42664816525,0.066425894175,0.0701529511875,0.0309359827,0.0163051710625,0.1009517117625,0.256561598625
KMXK0E02400,0.290708898875,0.260957119375,0.208271449,0.172181492625,0.195826154125,0.0645307361,0.187742587375,0.183429593625,0.1052992891875,0.139141386625,0.251279293125,0.2221823385
KMXK0A03270,0.15270688225,0.0991897205375,0.1172105318375,0.0759017269125,0.0716802893875,0.1008960596875,0.1382836135,0.1243204105875,0.208075947125,0.1057907970625,0.1044403051625,0.16277379775
KMXK0D01450,0.084774215425,0.0401290646125,0.0920544439875,0.0570535002,0.064888318475,0.0792414344375,0.047077597025,0.0802604461125,0.0683329253625,0.0587290611125,0.0638550899625,0.0835964305375
KMXK0D02230,0.0502427185625,0.1119361957125,0.13540687,0.09529291425,0.0704915390375,0.0505258599125,0.1220601107375,0.126483572375,0.0895998789625,0.0959447125375,0.0939272184125,0.1131484958875
KMXK0D06030,0.18861765,0.298439762375,0.16836209475,0.44571821875,0.348739822625,0.189680599125,0.37667254775,0.291193529875,0.41908990575,0.30309686375,0.127705321875,0.242649153125
KMXK0D00690,0.254562295125,0.19147919925,0.2025524675,0.142546791875,0.105446903625,0.0989194231875,0.142141163125,0.15185894675,0.1669916825,0.129224790625,0.1148666702625,0.1128025485625
KMXK0C05510,0.174039489375,0.178654041375,0.160876259625,0.16570639475,0.13321420625,0.0705182936375,0.170357728625,0.119229253125,0.1101318992625,0.147479395125,0.181168342,0.15791990225
KMXK0A01810,0.10218081275,0.120046968925,0.0843780360125,0.1188489173375,0.1032781461625,0.0445425812375,0.152232850875,0.1165046546,0.12536045925,0.144109231,0.106366253375,0.15336218775
KMXK0F00520,0.0160598332875,0.006940477475,0.00724971544625,0.00485691413875,0.00552388530625,0.00206691659625,0.008142253125,0.00732008823,0.00646070920625,0.00726731962375,0.0167176620625,0.01067806546125
KMXK0A00740,0.18997360925,0.2053715265,0.29046734175,0.119337016025,0.163453993125,0.153335699375,0.220334025,0.179858540125,0.393986672625,0.15725578625,0.178055640125,0.23993489475
KMXK0A02290,0.0450559291125,0.0209224007875,0.0333064216125,0.0130516092625,0.018494341325,0.00692017645,0.038566636925,0.0295152635375,0.0461643828375,0.0428876262625,0.0410140105,0.0154971643875
KMXK0G01920,0.168324528875,0.0816045275125,0.1062029168375,0.172421297625,0.0521289502875,0.0733758990625,0.1152937164625,0.0860679029,0.1238701606375,0.075251782475,0.0668905838,0.0736899729
KMXK0C04280,0.2681710755,0.392540398125,0.208794106125,0.139880669,0.15908965025,0.097069284425,0.356916694,0.320876992,0.21446978475,0.209301112125,0.18604574025,0.36126565325
KMXK0F00670,0.0902719464125,0.0868160943125,0.1054595273,0.0773877512,0.0423734618125,0.04787158685,0.062458836975,0.0561520491125,0.1057699043375,0.0490954425875,0.0495532051,0.0612397897375
KMXK0G02720,0.018057962525,0.037395050675,0.0438191822375,0.0315152921,0.075618177325,0.0181597276375,0.062064367025,0.047498208175,0.010665898885,0.0849119521125,0.07547741545,0.0430139349875
KMXK0A01450,0.0487983475375,0.1078619088125,0.0349604108875,0.100044801125,0.0395870936375,0.00799996231875,0.0445843605875,0.052459637025,0.049106945125,0.186508633,0.1250811275,0.155472550875
KMXK0E03890,0.1113391232375,0.108615926125,0.187985298125,0.133976342875,0.15237451825,0.01071325728875,0.1072259635625,0.133221537375,0.1134234583875,0.0974823364375,0.0255829143125,0.03688624525
KMXK0F04410,0.412306115625,0.5078592875,0.48167354075,0.388622901,0.762322941125,0.622138491875,0.882141046375,0.486349132375,0.49476693825,0.662550353125,0.64399277975,0.4728220225
KMXK0G03640,0.159519320625,0.14319376725,0.146300361375,0.33602595,0.292002131375,0.290527685,0.186574124875,0.23729909575,0.29072658225,0.127236013125,0.13036076325,0.0706867680625
KMXK0F01250,0.25924152875,0.289938558875,0.32737048275,0.0998676598,0.326463200125,0.12215536145,0.22973218625,0.265304303875,0.325037115125,0.1210936707,0.248315708625,0.0984638733125
KMXK0G02660,0.2868146275,0.50560324775,0.14524451975,0.457762247,0.334140428125,0.470330866,0.395310539375,0.442792940125,0.27624321025,0.20598045325,0.1558609735,0.263990706125
KMXK0D04740,0.26530110375,0.3526056455,0.225870374375,0.31431220425,0.172100829625,0.1050081155,0.253678061625,0.274657056,0.201288287625,0.310688638,0.250756007125,0.27624521
KMXK0B00860,0.015598527575,0.0119194882125,0.01288082455,0.06010675235,0.041922375975,0.0772309482625,0.01642667555,0.0147679902,0.01502359685,0.032806034775,0.0549974081125,0.032125163475
KMXK0F00190,0.28129184825,0.2096678475,0.19287728,0.271673257375,0.236080487875,0.332303220375,0.347984613,0.199107103875,0.450253644375,0.19334563575,0.267779756625,0.116108597075
KMXK0E03280,0.491134911125,1.129583220625,0.511464257,0.41265858825,0.55133039375,0.440273816625,0.461050343,0.568765001125,0.596548207625,0.575157941,0.511252347625,0.502065287
KMXK0A04530,0.360994916,0.747560704,0.22015861175,0.182008808875,0.477541577125,0.222628145,0.418686906875,0.483517091,0.34768936075,0.33931012675,0.452555376375,0.29262137825
KMXK0D01290,0.0290225269375,0.051161560375,0.014697168775,0.018231278425,0.0207348715875,0.029186082525,0.0305633740875,0.0539598517875,0.0644852063625,0.0667450822,0.0696954276625,0.043559628325
KMXK0E00470,0.0824548477625,0.0471066278125,0.06130617295,0.044092149825,0.0416398702375,0.015580725175,0.05526335745,0.102170379625,0.02111107525,0.1112989727,0.0668189996875,0.0536451645125
KMXK0B03030,0.152662936125,0.0913308968125,0.0817705354625,0.0588103697875,0.0445770602625,0.047941857625,0.142488940875,0.0520236371875,0.10592516415,0.0819690954,0.0649500974,0.0630145503625
KMXK0C04080,0.0955078038875,0.0857333280125,0.09946111925,0.1086561740125,0.0201456311375,0.0856171784875,0.1117061235125,0.12094414005,0.1021647844,0.0997026364875,0.180055759375,0.159206153375
KMXK0H00530,0.132441512875,0.0940689080875,0.0915292937625,0.065828988175,0.1013740678875,0.105384287225,0.100922369825,0.0741762524375,0.0513958272,0.0917515504875,0.109086193775,0.1099004031625
KMXK0D02170,0.74118652325,1.23191945625,0.865885621125,0.793265382125,2.44497320625,1.26992240375,1.32985005625,0.992746256875,1.428774655,0.867988214625,0.669380992375,0.965134430875
KMXK0D05850,0.209136483125,0.34760386825,0.172699015,0.303072308,0.276655879625,0.253283277625,0.335213007375,0.322871114,0.1487629045,0.244915411875,0.174732516375,0.147077459375
KMXK0F00790,0.349306668375,0.49267746925,0.1204802283125,0.39739502525,0.77004435325,0.313133065125,0.577986843,0.55903847975,0.324175801375,0.32113843375,0.140503874375,0.629404434
KMXK0F01210,0.072226471525,0.0520375263625,0.075972665625,0.0739843564625,0.031644695775,0.0445425812375,0.0916006607875,0.0548837289125,0.07898945005,0.1018635592375,0.060344866325,0.0828274552625
KMXK0B01110,0.0933922236875,0.315368052375,0.295675340125,0.0689174876125,0.1539257925,0.0779857342625,0.081665881925,0.169374071625,0.1056666288875,0.230737228625,0.1494696675,0.42613731425
KMXK0B01430,0.1081246075625,0.258082507875,0.0716628416875,0.133384135875,0.205406354,0.076858547625,0.302770683125,0.25406738825,0.289324725,0.126622492625,0.1125535127,0.1622831715
KMXK0A01580,0.205702058375,0.148203644125,0.1041686644625,0.129217263,0.12750174175,0.054989917025,0.23121836125,0.168961509375,0.17188592125,0.0905944827,0.056921585775,0.0627076319875
KMXK0C00720,0.244861478625,0.255614364625,0.134035814375,0.141536183,0.13366434425,0.115379440025,0.23727482,0.142166298625,0.280759806875,0.11437664095,0.194752909375,0.131572692875
KMXK0F03950,0.1084322188625,0.0836980237375,0.0434478159125,0.0274443947,0.0508978555125,0.071643029225,0.0826269366125,0.05413530265,0.059529882575,0.066962104325,0.1209287232875,0.0655723424875
KMXK0D00300,0.0968742117,0.0789581173875,0.1027587884,0.0781701266625,0.038538116675,0.0235142097625,0.1115547761375,0.1089920382,0.119853088825,0.082676426525,0.129536877625,0.0526581333125
KMXK0D05450,0.21825568475,0.1959189245,0.254975574,0.316287493875,0.282400421625,0.293571795625,0.281142114375,0.25275375875,0.143174714875,0.22784177125,0.178360699875,0.250289991875
KMXK0C06530,0.082324221825,0.03896932575,0.0893940501625,0.0272705545,0.03101545775,0.0235780929,0.0991397750375,0.0670210858,0.08875688465,0.01683808915,0.039798270725,0.021580198375
KMXK0G04120,0.1222642686125,0.109751478075,0.202071712375,0.225692390125,0.1488246155,0.0200439070375,0.2193687275,0.147447784125,0.14453538275,0.162580421,0.162119393125,0.178598735625
KMXK0H03480,0.143354794625,0.088527862,0.154102735375,0.068805491375,0.0339213222125,0.0477471251875,0.1389131655,0.073300348,0.077912304225,0.1544769365,0.13731305925,0.077029578025
KMXK0F03610,0.0335336540875,0.024160233375,0.035272955125,0.0390037853,0.0390668691875,0.04061230105,0.0317961770125,0.0254816820125,0.0198065846625,0.059771228475,0.0420389173625,0.0235828994125
KMXK0F03880,0.134242254,0.0559631456,0.08270022345,0.090345754575,0.0891463012875,0.0711892229375,0.1118578469125,0.0919653564125,0.1082070281875,0.0633415900125,0.0648971766375,0.0528011943375
KMXK0F01350,0.145400427625,0.08004144235,0.1363352375,0.056012632325,0.0169345653125,0.107989318225,0.09390098685,0.0760098411125,0.184923600125,0.054511982325,0.0246741633375,0.0627076319875
KMXK0C05890,0.298549404,0.293049473625,0.194207233125,0.277675453625,0.2739889635,0.3856626005,0.257032484625,0.157387478375,0.226514316875,0.31745363375,0.1994598755,0.190638366
KMXK0B01180,0.12645505175,0.160590541,0.147730169875,0.233428320375,0.180820730125,0.144397323125,0.226887905125,0.1197220029125,0.17230562425,0.18863548975,0.167676267875,0.125812982
KMXK0F00560,0.0251673816875,0.0248811861,0.023598286575,0.012689057275,0.0293201213875,0.015520904175,0.0212722550375,0.019124286775,0.0210300209,0.0208329799625,0.045598625675,0.0317861680875
KMXK0B05050,0.388608192625,0.507067582375,0.55531478175,0.38356489675,0.308354383875,0.0500142628,0.321275139,0.450032637,0.472015968625,0.40567639275,0.494812576625,0.445645855375
KMXK0C01500,0.1300248065,0.169660253,0.185803332,0.147925064,0.103172603825,0.1165596591375,0.136928008,0.096641375,0.196771199875,0.0733077724875,0.106257555225,0.1823889
KMXK0E06060,0.07276200655,0.0896248185375,0.0649481310125,0.08056568425,0.0916292911,0.0559080348875,0.1051437687875,0.0945268653,0.0535456210625,0.0852100816375,0.143633169,0.0637546056875
KMXK0G04090,0.0601793336375,0.0291752255,0.0964702018,0.0978323218375,0.0645119566,0.07540124835,0.086961344825,0.0370576027875,0.0722151418875,0.0538471430625,0.0859596587125,0.06901210815
KMXK0C00270,0.1104649739125,0.1616951595,0.144769188,0.0693915350375,0.060300331375,0.1110874959875,0.1449376605,0.0680228058,0.11500503155,0.145120725,0.23362067975,0.157831285125
KMXK0G01390,0.1214211937875,0.0891068423125,0.1033748074,0.042471008875,0.0209383400625,0.0127756248375,0.1161016394125,0.1149561707125,0.13525816775,0.11624828235,0.1147642935,0.1138356128625
KMXK0E02190,0.311378302,0.135919930875,0.299021469,0.293492467,0.169974374,0.203667196875,0.0616148378375,0.04232393155,0.1619700385,0.21689667975,0.091386165975,0.0512656104125
KMXK0D01910,0.0615708329625,0.0354724086,0.0461650030375,0.0572659289875,0.0399410001625,0.0149450452875,0.0530086610875,0.0582925185,0.0611400092375,0.0721043296,0.0523980675125,0.039315981975
KMXK0C05220,0.1055175725875,0.1340011635,0.075595545325,0.23825192675,0.24603586975,0.2779600015,0.126174979,0.1134344467875,0.0881711408875,0.10720683105,0.1098396906375,0.104981811925
KMXK0B05040,0.585585692375,0.43209803525,0.261159928,0.0861179783,0.18135186625,0.0366485125,0.50691780075,0.24032209,0.14992864525,0.19334563575,0.264235041625,0.157213503125
KMXK0H01760,0.21188099225,0.438770455375,0.532994776875,0.151131945875,0.17188599825,0.080132626675,0.253361398375,0.227778203625,0.28870563975,0.2817479,0.1085611231,0.309507248
KMXK0C02730,0.0868903244625,0.0708206685625,0.0320669074875,0.137689806,0.1043660633875,0.1122438967875,0.0587276089,0.067253507775,0.037401354875,0.065307424825,0.065916346725,0.0814620004
KMXK0E03160,0.1122522900625,0.0662035146,0.0609018215,0.0655428129875,0.032312811575,0.00854633857375,0.0776669581625,0.0698245286125,0.1004924633375,0.0693211818125,0.0470807237375,0.0678824586125
KMXK0C05420,0.083140800825,0.0943221910875,0.07261712245,0.052227123125,0.03024702015,0.0425752347875,0.072701629275,0.0588496402,0.113286321,0.049579573075,0.086546341225,0.0148760243
KMXK0B07870,0.182155531,0.131238907875,0.130500980625,0.070171807275,0.130139307,0.183182063,0.129559438125,0.0552103029625,0.1075897943375,0.045513679,0.0404566703875,0.0340535603625
KMXK0B07840,0.311378302,0.548904643125,0.714363233875,0.256000768625,0.04180087405,0.221337996875,0.930668960625,0.783879557125,0.424279077375,0.310411527,0.229113089375,0.357080608125
KMXK0G01870,0.1970295465,0.0883682538625,0.0997768563,0.087486351325,0.07986085445,0.03723083965,0.0635755202625,0.1187200705875,0.189767429,0.179625065125,0.144974931875,0.112892052675
KMXK0H02970,0.0935063477125,0.0839367052,0.14297007025,0.177348929875,0.131191276,0.0940332999375,0.083824379625,0.1158643706625,0.09005988955,0.215042917375,0.174807243625,0.107230668575
KMXK0A01590,0.10218081275,0.039759930925,0.0843780360125,0.0773014049,0.0585928875625,0.0445425812375,0.0968865248625,0.1065440897,0.0726832270375,0.1077416492375,0.0751849487625,0.1290534125
KMXK0F03260,0.0909828026375,0.0590972629,0.0428258247625,0.0301387783875,0.042707136225,0.04824855685,0.027287631525,0.0509565557375,0.0216521704125,0.0561862515125,0.062225562675,0.0550201366125
KMXK0B01680,0.0877473374,0.040746800625,0.0416308040125,0.0657807993125,0.0587330382,0.0610564367875,0.0639376907125,0.0383091001125,0.0297771722625,0.01109358570125,0.0321830831125,0.0108633444
KMXK0D01210,0.00434644190375,0.020764133525,0.0153310701375,0.019017608925,0.06216776765,0.0232618136625,0.0318815983375,0.025242329225,0.0136625481,0.0531969874125,0.077107537675,0.0265265584875
KMXK0C00810,0.0346273876875,0.057553869725,0.0404531870875,0.0501806387125,0.0349992558375,0.0213549574875,0.067519587425,0.068095753,0.0769386568375,0.075084452825,0.0748715365,0.12960004675
KMXK0C07040,0.0438218816625,0.0393370552,0.0361868751,0.0168815111875,0.00832263776,0.0050780958425,0.0160558004625,0.0254429351375,0.0422066941875,0.041189522525,0.064535471125,0.055346627375
KMXK0F00600,0.388608192625,0.426694499,0.504216453875,0.166266325625,0.436237585625,0.0500142628,0.158133884875,0.21331596925,0.1563331625,0.715061290375,0.541071480375,0.303529089125
KMXK0H01910,0.648313264125,0.424114315625,0.298099429875,0.6846814535,0.68578884275,0.591974868875,0.32361626375,0.341773885625,0.418723692625,0.620693151125,0.375781672375,0.54181375725
KMXK0D05310,0.3310169875,0.271736008625,0.167628840375,0.13858156775,0.1204255599125,0.119817478625,0.289454444375,0.208862927,0.300598521125,0.168035886375,0.22964557375,0.1645483935
KMXK0C02660,0.0904044567375,0.215786299125,0.07465345305,0.11152429235,0.195012094,0.0642624782625,0.219629397375,0.24292289075,0.0533972087375,0.074834730875,0.0288347932,0.0732815769875
KMXK0H00160,0.0452967543875,0.0321728144875,0.0150709474625,0.04312792395,0.0256061543125,0.00795584886375,0.0377436855375,0.0199162208625,0.0286637108,0.024635164,0.0278935993625,0.017816467325
KMXK0G00270,0.30663117325,0.135479925375,0.431405276125,0.1181235809,0.190061339,0.0819710940625,0.158938898625,0.0771716771375,0.0481447419375,0.1149588992,0.0225558138375,0.0750252566375
KMXK0A07750,0.060974577,0.126268253875,0.1161564715375,0.234957035625,0.378046859625,0.479124129,0.14813218375,0.217161455,0.135479525625,0.215595994625,0.146425886,0.18593019225
KMXK0B05110,0.0555506263125,0.04140603545,0.043250911175,0.0289757527125,0.0142851366125,0.02844669445,0.038987763375,0.035050969725,0.0385437969375,0.03818266055,0.033940198775,0.0229295848
KMXK0B01690,0.0251287719625,0.0648346577125,0.0517449309,0.115274985075,0.051601523725,0.058297026475,0.0537637457875,0.0753106523125,0.088610996525,0.051870580925,0.026158074625,0.0664788870375
KMXK0F00440,0.026299488575,0.0166872653875,0.0188416406,0.0165207288625,0.008144770945,0.01146445281375,0.0195767422625,0.0248991827875,0.0219760164625,0.013350547075,0.0329699240125,0.0157444248875
KMXK0F04390,0.48085950225,0.1721708335,0.303394176,0.230796426625,0.16097250625,0.226582394375,0.167717623,0.279186485375,0.17417479825,0.345336844,0.306966590625,0.297818824875
KMXK0B03690,0.2742243215,0.11148841095,0.07388464325,0.078019075975,0.0451842724875,0.0275693924125,0.05669573905,0.050970880625,0.099328318625,0.0853682008375,0.086164168025,0.061739380375
KMXK0A04130,0.0364431382875,0.094026815175,0.098216247625,0.093088441,0.0600643043125,0.028001760025,0.0885352867375,0.0991696299875,0.016446498925,0.098454742,0.131314155625,0.1446621635
KMXK0E04870,0.0939077981625,0.137459285625,0.0775464136875,0.115846066825,0.178398413375,0.0667527692375,0.084184262525,0.1163618107375,0.039206440825,0.12675836225,0.159403469,0.19340308575
KMXK0F00860,0.033506441475,0.0425512266125,0.0609896995875,0.04212657145,0.0207685313375,0.01267201525,0.0601178538125,0.03172240435,0.0279981912,0.039238700925,0.04442871185,0.0436303404125
KMXK0G03260,0.02627332205,0.01802000015,0.0234518431125,0.190474037125,0.1120646804875,0.14061274375,0.0344724096375,0.0573835397625,0.035799607,0.0461666132125,0.0786094272875,0.045208450425
KMXK0G02340,0.0733219331375,0.096634962725,0.0605471863875,0.20866427325,0.0685600390875,0.0737351367,0.0657299286,0.0800129613125,0.11515580185,0.0858658000875,0.0998940080375,0.0840837023875
KMXK0A02820,0.0701906677375,0.074016239725,0.126072461,0.0844616761625,0.135899192625,0.135212978125,0.0739171899,0.07806457225,0.095640677475,0.068254227325,0.12602022675,0.23468249825
KMXK0A06390,0.77551094225,0.867339912875,0.7978818175,0.730964932875,1.125657415875,0.59587819075,0.531185438625,0.646611381625,0.349981930125,0.5906992255,0.90560950025,0.48031027025
KMXK0A01170,0.25757894925,0.17286736375,0.200547230375,0.0357157667125,0.0937084510625,0.172633167125,0.159208904375,0.10570939865,0.205998733,0.1307561505,0.222642844875,0.173372095875
KMXK0G01070,0.08650459215,0.096747681225,0.101058343825,0.0957821531875,0.0333780771,0.066467404975,0.0592512332375,0.0442316333,0.09005988955,0.101303739525,0.13511401025,0.0873644419625
KMXK0E02340,0.21224225925,0.110462866775,0.041531463275,0.1046677418125,0.031644695775,0.0445425812375,0.0466445461375,0.025716448225,0.04844037415,0.0733827640375,0.1171456272875,0.10550553025
KMXK0D06100,0.249435980375,0.51654061825,0.2914017215,0.25550688125,0.17820719175,0.108733940575,0.302770683125,0.713021240375,0.1041393493875,0.20647737,0.221032832125,0.286046750875
KMXK0A06740,0.0483497655875,0.0251639505375,0.0218260075375,0.0337324838625,0.0462028410625,0.0234084387375,0.05091672325,0.0508398442,0.038197177175,0.050473353025,0.03951190565,0.0494258062
KMXK0H01420,0.0141727036625,0.0207455585125,0.04999093945,0.0473809449,0.045872364225,0.053615387125,0.0293100470625,0.04051315585,0.0252747576,0.0441328753375,0.0554987718125,0.0319174628375
KMXK0G01090,0.0460293428625,0.064378487975,0.053773436075,0.0108741037625,0.0285306886625,0.0654859770875,0.0685762610625,0.0494828768,0.0308706564625,0.03305669935,0.06103376905,0.059937009425
KMXK0B04900,0.0726518754375,0.0652165248625,0.06663139985,0.0310841629375,0.0249890904875,0.0215706535875,0.0521102732375,0.076393545725,0.0573962774125,0.049329506475,0.0674159732125,0.0654069417875
KMXK0G00700,0.062416165775,0.0861421591,0.1538334365,0.0904510352875,0.0685600390875,0.03196244065,0.1516343925,0.04906804365,0.0850472658625,0.048714324925,0.03308520735,0.1371113565
KMXK0A04500,0.0893628927,0.1203634851625,0.330474219875,0.1613482475,0.147284790375,0.11196657155,0.27048826375,0.195177416,0.315118263125,0.079959949325,0.240738091625,0.153766543
KMXK0E05650,0.052238162075,0.046891995225,0.0798715155,0.0644417794125,0.0263803808875,0.0227716194,0.0468292435375,0.064728672675,0.0308543643125,0.0800654641375,0.06267741045,0.087953952675
KMXK0A03160,0.0933221200875,0.1076083949625,0.0344405641125,0.0326424445875,0.06053806055,0.02265201305,0.0547226158125,0.05670576485,0.0500485029,0.0893463144875,0.0971446987375,0.0258311736875
KMXK0C00770,0.074098284825,0.0470160376,0.0491108710125,0.0396235365875,0.016220594725,0.022831856675,0.049662574275,0.04958758885,0.0572806441,0.0163051710625,0.02363388705,0.0313555699875
KMXK0C07290,0.0509041127,0.0358725945875,0.0530111657625,0.0285046847125,0.0403915990625,0.0456325695375,0.047785971,0.037834653075,0.0402151569625,0.01244062283875,0.0307228151375,0.0397595296625
KMXK0C04750,0.0991733200375,0.066557575625,0.0502219199,0.0517297785375,0.0255029424375,0.066467404975,0.06960400255,0.0337957394875,0.09005988955,0.0503438716625,0.085722184125,0.0667519081
KMXK0G01680,0.29393958325,0.20714191725,0.165321212,0.1257622855,0.143032473125,0.0872719236625,0.243009494625,0.189542371875,0.1928230005,0.23445248225,0.20840255075,0.3004813095
KMXK0B00330,0.0133925083375,0.01202188997,0.01564569785,0.0789180723,0.0275012976125,0.016780043675,0.017571894125,0.0157975702,0.013942934025,0.0235328730375,0.0441310020125,0.03543026495
KMXK0D02190,0.034592763975,0.020197064125,0.0404127382,0.0383028153375,0.0247144750875,0.026579990675,0.0453880909375,0.01419673575,0.0415112831625,0.0263489756,0.01560936435,0.0171960472
KMXK0A02900,0.021449774025,0.0272399620875,0.0301780982875,0.024948738925,0.0815563833625,0.059928580825,0.018130017225,0.056419755575,0.029227117875,0.025119386925,0.041342925725,0.0296235276875
KMXK0E00560,0.0401888078125,0.0488473957,0.023907843375,0.0582400285,0.0662377856625,0.02058012325,0.0650697353125,0.0584993117125,0.0643287649125,0.08117416145,0.0213030554375,0.046087488575
KMXK0A04590,0.045357914925,0.0462323831875,0.0391345755875,0.057027047925,0.064858233675,0.0777146244875,0.041441026925,0.037256514725,0.0536201104875,0.02614491395,0.01775678715,0.0256022905625
KMXK0C04570,0.0854076559625,0.3473280965,0.265309633,0.0536511089625,0.06101869705,0.0858889682625,0.442822883625,0.563215665375,0.082259699475,0.230737228625,0.06284320965,0.159711549625
KMXK0A07870,0.0657968813125,0.031145877175,0.0309707508125,0.038418037475,0.01338788255,0.00500945169625,0.0279180315875,0.017741223075,0.030750003525,0.021944822925,0.0318084038625,0.013178381775
KMXK0A08150,0.399031392,0.431374054625,0.16218659025,0.1086561740125,0.2850842275,0.1066722584625,0.297029909875,0.53446319975,0.235687081125,0.0878060149625,0.0780499200125,0.280623076625
KMXK0B06280,0.1113391232375,0.301761756125,0.3458629275,0.42902979625,0.42333388725,0.507248381875,0.191194534,0.13796108775,0.570699146625,0.300793652,0.1158996985375,0.055346627375
KMXK0B03090,0.0705984852125,0.06337328305,0.044543508325,0.0443483313,0.0272406542125,0.0235142097625,0.0568055061875,0.066839497,0.041698851875,0.0358382786625,0.064721342425,0.10087043205
KMXK0A02230,0.0364431382875,0.0161017994375,0.0369368737875,0.0390037853,0.036834506025,0.00597445913125,0.0283436891,0.0345027379125,0.024441443925,0.026172215175,0.0329125575125,0.0417920513375
KMXK0A07690,0.21908106325,0.39954697175,0.662355183625,0.24257736425,0.449879393375,0.168334991125,0.287449457,0.478494759125,0.298516341125,0.452225124375,0.526106787125,0.376972328375
KMXK0C03810,0.064291039375,0.0577113549,0.0156742366125,0.0448543322125,0.0510139112125,0.0190882854875,0.060352878775,0.0414570775375,0.0507910678,0.051279904525,0.074328779925,0.028488873775
KMXK0B04790,0.062598468625,0.091629672375,0.088070985575,0.0393229063875,0.02742636395,0.038604923025,0.09326157315,0.109735077775,0.15793229825,0.088284844625,0.165559838375,0.1491090955
KMXK0C02250,0.0527481274625,0.0380038234625,0.049459472725,0.0764404970875,0.0533145966625,0.0530453879625,0.0555486004,0.07065091505,0.0311555743375,0.0873909207625,0.044070804425,0.11200281635
KMXK0A05460,0.013571482425,0.0225570389125,0.0293565002,0.0364156210375,0.031644695775,0.0445425812375,0.0537637457875,0.0356973327625,0.0426604186875,0.051870580925,0.0676953534625,0.0585465576
KMXK0D05140,0.105800418425,0.1054800329375,0.0595056072875,0.08889502725,0.0223166706375,0.03141259825,0.0430526980875,0.0387054472125,0.128508579875,0.0843886707875,0.0425567847625,0.0358212879375
KMXK0A00480,0.0535063495375,0.062861851525,0.05321101165,0.00631565084625,0.00718294166125,0.010110596885,0.0479661185125,0.0743759739375,0.084034426275,0.019199243975,0.0908241689625,0.034811257325
KMXK0C00510,0.0371203514375,0.0333213741375,0.026593989425,0.0537933430625,0.0375189918625,0.0099233087975,0.0553033077,0.0650719537125,0.0405961427125,0.0614994663875,0.0465353218875,0.06941472385
KMXK0G03740,0.0273994911375,0.01184106631875,0.015410367775,0.0191159746375,0.0133327295875,0.0132654068125,0.025721129775,0.015040210475,0.0216460866875,0.0186038332375,0.00842079118375,0.0151271777375
KMXK0C02970,0.0485506901,0.01020299559625,0.030632641225,0.0101011711575,0.052046106575,0.0161707593,0.022162917325,0.0404809617625,0.035728493175,0.024646041,0.069349401175,0.036213081675
KMXK0B04970,0.027112788775,0.0770428549875,0.031674313025,0.0589545540375,0.055675669925,0.0783682064375,0.03557384785,0.0521511825375,0.0199523237875,0.0242599265875,0.028223359,0.0387384900625
KMXK0C06400,0.02770016345,0.046040192625,0.0599182777875,0.15100625725,0.0845331379375,0.241742843625,0.0540122640875,0.0986543588125,0.0870723281125,0.0901237667625,0.0407933897625,0.0732815769875
KMXK0B05060,0.04379967755,0.01935216495,0.031379233125,0.0168729575,0.02714865965,0.038214030775,0.0461250645875,0.047085922,0.0440766638625,0.0445008780625,0.0455937614375,0.03080258975
KMXK0G02680,0.0233192277125,0.02093268735,0.0328082685125,0.033793301175,0.0166602030625,0.0143811344,0.034741870025,0.0360009163,0.0317744054625,0.038634334125,0.0242744094125,0.026741889075
KMXK0B08220,0.4672131505,0.34824889575,0.453222996875,0.344773421625,0.0736798775375,0.239253283375,0.4085497965,0.847327437875,0.52861830075,0.36464869225,0.57132915625,0.27283196
KMXK0B07400,0.0272942789375,0.03766953785,0.02647698355,0.014236964175,0.0161920419,0.04220073855,0.0238672051375,0.01722196505,0.0133864125875,0.01150501663875,0.043683153,0.0481235202125
KMXK0B02800,0.0084885060825,0.017578290725,0.0194743070375,0.01609973555,0.0183106166,0.008536342805,0.01755476715,0.024264683575,0.00817563661625,0.01301033865,0.0266791108375,0.01587343015
KMXK0E05630,0.0240188901625,0.0323512057625,0.0280598890625,0.02659490045,0.049322399525,0.05572217685,0.0193262675375,0.040082449925,0.01083953440125,0.0422052,0.0791470621875,0.0413292541625
KMXK0F05580,0.0382322355,0.079172629925,0.019361016325,0.090345754575,0.082471026025,0.0626948513625,0.052694682175,0.1226003164875,0.00978867371125,0.08792527635,0.134799509,0.0573823903
KMXK0C03640,0.026544758525,0.0502701573,0.0157911608625,0.031941779025,0.0222782835,0.0135931975125,0.0589746666375,0.0340284397625,0.00798380201625,0.015829505875,0.00994586590125,0.0202875679
KMXK0A01600,0.0475568391,0.018505006825,0.05555792215,0.0794361311375,0.044468259475,0.00898637327125,0.0577254999,0.0383278052625,0.0280893504125,0.031596266125,0.0280856162875,0.0464252318
KMXK0B07490,0.00597910971625,0.0175168033875,0.016114027175,0.01225817825,0.01824656765,0.013871124225,0.00890790446625,0.01048137573,0.00814703894875,0.0263401954625,0.0172918604125,0.0328557590375
KMXK0B06100,0.0524873763875,0.0156048684,0.04685078325,0.0329713527125,0.0374991127375,0.0657636677375,0.023959976275,0.0164583796875,0.0310015622375,0.00882472227,0.035537062925,0.0260914508625
KMXK0E03020,0.0395995207625,0.035546819875,0.03270016845,0.0248755006625,0.0199978406375,0.039822682675,0.02365878685,0.031914709825,0.0233893765,0.060694210575,0.0350903434625,0.0196849037
KMXK0D01880,0.0134886555,0.0137487071625,0.0077562088875,0.0051962371325,0.001571003065,0.00221131946375,0.0104908159875,0.00783149818875,0.0029962232875,0.0137045989125,0.015943569075,0.005817325705
KMXK0B06760,0.0613424350625,0.0686060497375,0.0547549016,0.08889502725,0.0772486096125,0.17730734575,0.0645991919875,0.0871415969,0.0835842176125,0.0718368575375,0.0958125134875,0.0876454772125
KMXK0H00960,0.00469292408875,0.01170375014125,0.0077562088875,0.0255832751125,0.0109425153725,0.020158705675,0.0137303084,0.0167138875375,0.009046482615,0.0077750429625,0.0234085816875,0.0076136762
KMXK0G01970,0.00210537367375,0.013163765725,0.03480603195,0.0114773546125,0.01305347155,0.018373863375,0.0231719246375,0.024472066475,0.01079166895125,0.02139667125,0.026907129125,0.0209525950375
KMXK0E00450,0.1047170130375,0.0196169284125,0.0709290080375,0.031669166925,0.050955822925,0.03109093055,0.0230136899375,0.0383091001125,0.0297771722625,0.122631929125,0.06320120835,0.0578139521125
KMXK0A04040,0.0432295108625,0.0548989576875,0.08235214895,0.038418037475,0.030884917725,0.01155645808125,0.0548254909375,0.06673900275,0.0361228485375,0.0506251864625,0.0733797845,0.049574488425
KMXK0C04200,0.005103922675,0.00648168414125,0.0165656235875,0.02782381635,0.0155757420125,0.021924172025,0.0175419419375,0.01342494655,0.00426486957875,0.01106711383625,0.01225668855125,0.01083742194375
KMXK0D00240,0.0609223551125,0.036446916775,0.0474332612375,0.0449568014125,0.036141541925,0.031197481225,0.0641568094,0.038440387925,0.097516200975,0.0592416115875,0.063417803075,0.0465615995375
KMXK0B00570,0.0261839687375,0.0276110624,0.0155765313125,0.0315076342625,0.0219754825875,0.021864518775,0.0475584751125,0.0205843487,0.007875288155,0.0204359615,0.0575030161125,0.030027100225
KMXK0A06820,0.0357697915625,0.0245333136,0.041787791875,0.0518361651625,0.0589545178125,0.06340456465,0.056520916525,0.0688028422375,0.04873934395,0.0628534955875,0.065631820525,0.0313417546375
KMXK0B06070,0.0309016182,0.0099843858725,0.042408318825,0.0161185878,0.0339433883,0.0258039191125,0.0270216063375,0.0242930967,0.0151556233375,0.0241179741,0.0377878821125,0.0416289984375
KMXK0C04850,0.0259629996375,0.0233058899125,0.049459472725,0.0492427553375,0.03024702015,0.02610931335,0.063074743975,0.032170934775,0.046300870875,0.05970887885,0.044070804425,0.0389676135625
KMXK0G03990,0.0325323892875,0.0363845797,0.0473521336375,0.047144650025,0.0409680808625,0.057666032975,0.0113468798625,0.0235332944125,0.044328111575,0.0380980085375,0.0508132744375,0.05597841435
KMXK0C04760,0.0125156329625,0.0228252646375,0.01462129475,0.0181371595625,0.025700648325,0.0156813692,0.013180105675,0.0147632232375,0.00921026469125,0.0146567990125,0.02296417565,0.0109662897175
KMXK0D06000,0.1050758851625,0.153806780625,0.1227541182,0.2483025125,0.2085642525,0.243768842625,0.133261674125,0.184197963375,0.114914742575,0.032710954375,0.012603955325,0.0320320564125
KMXK0C00690,0.0569206814,0.0510952953625,0.082850223175,0.063025387325,0.093814673775,0.0437360594125,0.1056573458625,0.0949885838625,0.0592600942,0.02207754745,0.059252216325,0.04987432
KMXK0G01640,0.0225547004,0.01148641105125,0.026349360325,0.02782381635,0.01139017078375,0.0160326271125,0.01029600113125,0.0150939149625,0.013321887975,0.014985106875,0.013320117,0.02201801495
KMXK0E01890,0.0299067010125,0.0222917004625,0.01257566135,0.0155996292125,0.01088020056375,0.0462399051875,0.00695188041625,0.0188703339875,0.008994965225,0.041142591475,0.0478642062375,0.0464378277375
KMXK0F00490,0.030881529525,0.0073690833625,0.0221243344375,0.0359190365625,0.0312131704,0.0190448599875,0.03252107375,0.0352105432875,0.01118577078625,0.07511862395,0.081675177475,0.00941413811625
KMXK0A03180,0.0406022379,0.0454099865875,0.0836077464375,0.00844746292125,0.00960750282625,0.0135233714375,0.0641568094,0.038440387925,0.0689292923375,0.0592416115875,0.042265351075,0.05801208435
KMXK0B07150,0.0226559665625,0.0203373057875,0.0329766236,0.0108741037625,0.0373407706875,0.017408131375,0.0182296212875,0.032184524525,0.010224457805,0.05390401185,0.0415700586,0.0259812782875
KMXK0G02050,0.0184747352625,0.00311616135375,0.0282476458875,0.01892438285,0.0215231559375,0.0302956593,0.019455585175,0.0123635463175,0.01091206485625,0.009378426585,0.0192314811375,0.003980952845
KMXK0A03420,0.0301931783375,0.01174857248125,0.042479361425,0.0351183990375,0.0305174269125,0.056220330175,0.025520214925,0.01239116292125,0.0411407402625,0.028379488775,0.0314299247625,0.0346247584125
KMXK0B02910,0.03651461285,0.03277762815,0.030152738425,0.00994292230375,0.01130832476125,0.0068998265475,0.0443222114875,0.0294284691125,0.00405253061875,0.03022595705,0.038010292325,0.0128303088625
KMXK0D03920,0.077171763625,0.0424822634375,0.033905350375,0.042058296525,0.0207348715875,0.029186082525,0.049838263075,0.0539598517875,0.027952814275,0.090374256975,0.080332805575,0.088498588725
KMXK0B03360,0.013923199475,0.0231416246625,0.0451900422875,0.0201769492125,0.014072722575,0.0085865366325,0.047853381075,0.036622460925,0.0351274230875,0.0301904326,0.054521740425,0.0368342235875
KMXK0E05400,0.00576007098875,0.0194506812,0.0304854871625,0.013611497025,0.0154806830625,0.021790368525,0.00262941632375,0.0164653589875,0.0127983124,0.02537524865,0.0573080032375,0.0299252678
KMXK0D04940,0.0712415495875,0.0904726132375,0.06679989695,0.082862729425,0.072006622125,0.0439351728375,0.10613836305,0.0812282845125,0.059529882575,0.022178058025,0.0595219688375,0.0501013785625
KMXK0G01740,0.0274999105125,0.048477458025,0.0630902181625,0.0398517811,0.0196470525875,0.0276548854375,0.066808529025,0.05112894195,0.0490417064,0.0421491302625,0.012408841425,0.0315361883125
KMXK0F05250,0.0596596385375,0.04298340965,0.0302119722,0.053019481,0.0426232680125,0.05999584865,0.0167013099375,0.0564830848625,0.00936727297,0.084140108125,0.114989743075,0.0684161352
KMXK0E01840,0.00449078285125,0.015164532825,0.027920563525,0.0564766883125,0.0908712292875,0.055445499975,0.0109099481025,0.0296141982,0.0426211789125,0.0456393112,0.017585419025,0.035870721175
KMXK0G00960,0.0943124126,0.276304009625,0.306106503875,0.253063369875,0.219908740375,0.134178332875,0.27593425475,0.12632217625,0.18180468825,0.0677319482375,0.13889170775,0.108155043025
KMXK0H01050,0.207520800375,0.186282671375,0.242434625375,0.0996030211375,0.18472187975,0.159452449125,0.118027642125,0.196471438125,0.282764512375,0.131251408125,0.32413270625,0.357080608125
KMXK0E03700,0.07747305225,0.0452328182125,0.0299763052375,0.0486667749,0.0298932281625,0.0420772427,0.0353656940375,0.0396136153375,0.0457593009375,0.021240192525,0.018880202325,0.0207993639625
KMXK0C05140,0.0178975171,0.01070722422375,0.0139347469875,0.0172855232,0.0150208923375,0.0149450452875,0.0221409209,0.008628451085,0.0023334000925,0.01067287358625,0.0154700302,0.010451363935
KMXK0E02040,0.0137293153875,0.0284311391125,0.0603362134875,0.0901358642875,0.1025136871125,0.0138066865375,0.0543890047875,0.06917605355,0.0564829966,0.016078117425,0.0329699240125,0.0256736964875
KMXK0D06330,0.0429452112875,0.0385501051875,0.0383333465,0.02061226045,0.038227108525,0.0329977482,0.0452252335,0.07166647875,0.0316034166625,0.03842642975,0.0447042952875,0.049248461
KMXK0B01610,0.0156136505625,0.014015715675,0.0358207936625,0.029613649625,0.01115502588875,0.015701640825,0.0268121802625,0.0193469838125,0.0212749096875,0.035907775775,0.0212720814625,0.017905331875
KMXK0C00920,0.0171295241875,0.0464260464,0.0906589330125,0.0749492572125,0.0460370602125,0.0172260571125,0.054464930225,0.0489653279625,0.023340414775,0.0605671574625,0.080781534575,0.05931011925
KMXK0F05120,0.0687315370125,0.061697402375,0.0644463745625,0.061081671125,0.0301134547,0.018373863375,0.044387484,0.0282071553875,0.01079166895125,0.064602866975,0.1012193441875,0.048336185475
KMXK0B05930,0.00966244831375,0.014143588375,0.0260408258125,0.0634360203125,0.097688990925,0.067681176575,0.0165926158625,0.0344128887375,0.00570710546875,0.011315493465,0.0303687747875,0.018068691575
KMXK0C02380,0.0353334132875,0.0254569188625,0.01097292600875,0.0221956308875,0.0154806830625,0.050268870875,0.02986490165,0.0205145399625,0.0127983124,0.017936485575,0.029520895275,0.017564223625
KMXK0H02500,0.04903740835,0.0237735674375,0.030939731925,0.054296638375,0.0617528732,0.06144105595,0.05164087395,0.0250738673,0.0360866695375,0.043877593575,0.039002369825,0.0700641742
KMXK0H04220,0.028431589225,0.0195002840125,0.0332149918125,0.022252233825,0.025308000925,0.0356231482,0.02994106265,0.00891524635125,0.01283095045,0.0179822269125,0.0368745070875,0.0176090156375
KMXK0H00260,0.010475450755,0.028391551175,0.01223786712,0.057106472125,0.0521289502875,0.056063784775,0.033307679075,0.052781243775,0.0232754234375,0.02830046615,0.0251560114625,0.0277131054625
KMXK0F04530,0.2025258685,0.279511170875,0.1204802283125,0.105639483675,0.0736798775375,0.169116099125,0.0767672332,0.12778844375,0.0609132094875,0.120772785375,0.107353764325,0.0512656104125
KMXK0A02440,0.0480254142625,0.05642258325,0.0561053315875,0.04919428145,0.034311305825,0.0787541238125,0.0661924134875,0.045468320225,0.1067077569,0.0736085828875,0.0353372439875,0.038929254375
KMXK0C01280,0.069189744675,0.0439015241,0.0571349416,0.1002670375375,0.149249688375,0.069579661425,0.0728631264125,0.106817182725,0.04086678215,0.0810266796125,0.072023834175,0.056084996075
KMXK0D04640,0.0088853768275,0.002120266825,0.0146852660375,0.00789642846375,0.00389296390375,0.00237530989375,0.00405608801,0.00675185431,0.00742467622125,0.0063811736625,0.0092493318225,0.0044169167675
KMXK0E04850,0.013337839975,0.00914798204,0.0084153956575,0.00640171565625,0.011872500815,0.004442429125,0.0175001654625,0.01573308435,0.013886018825,0.0119344056125,0.01060837806875,0.0082607493625
KMXK0C05940,0.0344549002375,0.0309287109875,0.0402516799125,0.0706383272375,0.1577692525,0.0799330040625,0.0671832559375,0.020004476275,0.02879072925,0.0747104388875,0.050740934325,0.024230775575
KMXK0F00920,0.054983018925,0.0804824162875,0.064233501275,0.079679213275,0.0392821010875,0.0552928740875,0.0250992128,0.0225648170625,0.0140774094125,0.0842725079625,0.0749090197,0.0445690674875
KMXK0A02540,0.0277578692125,0.0176126212,0.032427923425,0.0402256046375,0.045749547975,0.0455185385125,0.0206623277125,0.026279912525,0.0378224271375,0.022977325975,0.037817399125,0.013798424125
KMXK0A03850,0.0360895716125,0.018379302175,0.0129183555,0.0098271836525,0.01117669240875,0.00681951046,0.01647453805,0.024151636475,0.004005357925,0.0129497246,0.026554815125,0.00337097849
KMXK0D04410,0.01088333567625,0.0127862699875,0.0127143756375,0.00683665909875,0.00777549688125,0.01094466839,0.022507426125,0.01680201685,0.0027864816275,0.00900897506375,0.01482748715,0.00234515112125
KMXK0C02440,0.02781579525,0.0462323831875,0.0459724287625,0.0929913369375,0.0458450196375,0.039573550625,0.041441026925,0.0263347543125,0.0232430517625,0.0603145055375,0.00769714794,0.0451276121875
KMXK0H04390,0.03601961035,0.0423175832,0.0550735468625,0.0226266839625,0.041963020275,0.015701640825,0.0379319425875,0.02410481745,0.0212749096875,0.0421818210375,0.0162532031875,0.05406148275
KMXK0F00180,0.023193739075,0.00553458975,0.0166166005375,0.0622344992375,0.038227108525,0.053807882975,0.0563470775625,0.0219587976875,0.058516455725,0.0626601797875,0.00641813902375,0.037628910225
KMXK0H02680,0.02536206905,0.0525206460125,0.068352160975,0.0367537059375,0.0964317210875,0.0959447951875,0.0435524264375,0.0391547154375,0.0563520282,0.048432021475,0.0609051118375,0.0670960811875
KMXK0G03050,0.0700287452625,0.0208200415,0.0441840358,0.077539282475,0.038227108525,0.124131059,0.110654513025,0.050657425275,0.0316034166625,0.0271617083375,0.024143780625,0.0613597020375
KMXK0A00540,0.0211295085375,0.0189670687875,0.010700100435,0.0057535612525,0.015095778775,0.009210759095,0.022251304125,0.026181722075,0.0124801012925,0.032385211125,0.035866211575,0.0395119912
KMXK0H02600,0.079090762525,0.0307752812875,0.074159739875,0.070287907925,0.0150208923375,0.021143174275,0.0832898033375,0.0324585412375,0.01241819059125,0.07433981885,0.066079948125,0.039315981975
KMXK0C01710,0.0228650677125,0.029037302525,0.0267119446125,0.0331351505,0.0231106187375,0.0982181176625,0.00640092015125,0.0216476263,0.0311555743375,0.00711807647875,0.014596388025,0.0485505761625
KMXK0F04860,0.02409900375,0.0216326594125,0.0122038693,0.024685537675,0.017217306725,0.0395185747875,0.0253784540625,0.0298612444125,0.00617011486125,0.0282218450875,0.0250861259625,0.0195345789625
KMXK0F01120,0.0455479150625,0.0312398041875,0.0287380660875,0.0356484770625,0.0405438706625,0.0570689213,0.0366491202,0.02328961535,0.00891028589375,0.028807849525,0.02560701965,0.0172997905
KMXK0A06690,0.00960404824375,0.0086211491075,0.00688059103875,0.013917806325,0.0365165357625,0.061901355625,0.00620238621625,0.002417107505,0.00347873579875,0.01124710235,0.014143659625,0.0029277642025
KMXK0G00620,0.05237634655,0.108462742175,0.0997768563,0.175100026625,0.0863248602125,0.198139900625,0.089942069625,0.1143951328,0.0713671693,0.14149987975,0.12577787875,0.0979432977
KMXK0F00900,0.1067984468875,0.048817779975,0.01193798710875,0.0148086185875,0.0388537847,0.0237068160625,0.074955636925,0.0839588716875,0.0321215073375,0.0276069838625,0.05661111535,0.0117186075875
KMXK0E05830,0.00730275141625,0.056888967625,0.08916334985,0.01058285810625,0.027766539325,0.016941882125,0.0177413697375,0.0069139193275,0.0099506118875,0.045513679,0.0933307363375,0.087524831325
KMXK0E02560,0.0150289542875,0.0134908584875,0.0175574636125,0.0355145912125,0.0403915990625,0.157956023375,0.00686057130125,0.023202145975,0.0472418164875,0.007629226745,0.0360909096,0.0172348172625
KMXK0A06380,0.0356597759375,0.0244578575375,0.0137976792875,0.0074191633425,0.0317420751625,0.0118771875775,0.0202815296875,0.0111817768875,0.06053861185,0.0138311836125,0.0371204403375,0.0220857704125
KMXK0A06130,0.00859902654125,0.0178071603,0.010045748545,0.01246136867625,0.00614349369,0.00864748609875,0.00905556106375,0.0132754325625,0.00507899755875,0.045621324925,0.0089512523075,0.0446744792875
KMXK0E01620,0.03378039855,0.018595762525,0.0558303996625,0.0489532156125,0.0148002583125,0.0783682064375,0.0218157044875,0.0319817746875,0.01223578628,0.0395595263875,0.0351640815375,0.0387384900625
KMXK0C02010,0.01135496055,0.01019286924875,0.013265347875,0.0071329229075,0.0305174269125,0.01141895109125,0.01195781152,0.0175301253375,0.0067067843825,0.04014925785,0.0535491311875,0.039315981975
KMXK0A02060,0.0694209493,0.01170933581625,0.069037767925,0.0189033116125,0.009319391685,0.0131178306875,0.0516753787375,0.00535333810125,0.02898319835,0.0249097491125,0.00588601537375,0.0064843254275
KMXK0E00200,0.01095151317625,0.009830711555,0.007845950115,0.00973260245875,0.00479820342,0.015580725175,0.0163159797625,0.0146684719375,0.00915115262375,0.012825090675,0.00699112453,0.00770176828875
KMXK0G03520,0.00866042605625,0.0126768596625,0.01011747807,0.020465262275,0.023275635175,0.00870923162875,0.021039716675,0.0189152289875,0.0051152630575,0.0306218306375,0.0147006104125,0.02291140555
KMXK0C00320,0.01080562828875,0.0292864293625,0.0205847045875,0.0361244326125,0.0178094581375,0.010866523085,0.01137931443,0.016682049875,0.0240090455125,0.02063468955,0.033961753925,0.0202064278625
KMXK0B04050,0.017570009,0.059330630525,0.0473521336375,0.0587385193125,0.108935347325,0.0940332999375,0.0185028257125,0.0625757308125,0.09005988955,0.047467116825,0.097336472525,0.0464819627875
KMXK0D03670,0.01764544225,0.0595853545,0.00893574992625,0.0589907011875,0.0126066203625,0.0409362150875,0.018582263825,0.062844386975,0.01042224462125,0.00895744823125,0.02995219525,0.0466815236375
KMXK0B06160,0.079090762525,0.115770574225,0.0923971927125,0.049682982975,0.212563183625,0.183485141375,0.1358167825,0.122102668125,0.17573191175,0.213671516375,0.0823304088125,0.090699247175
KMXK0A04950,0.2186480115,0.0706456892625,0.0563827501875,0.069940655375,0.034480961625,0.11196657155,0.1172502753,0.074509668875,0.1072353844125,0.0565196620375,0.1158996985375,0.0239914560625
KMXK0B06630,0.0410235145875,0.0281366679625,0.047925414575,0.0085351112725,0.022393808975,0.0136636859,0.00620238621625,0.0209761933875,0.042709561425,0.0159115907875,0.0230634035125,0.047044708775
KMXK0F00590,0.069189744675,0.0439015241,0.1057902794625,0.0188403546375,0.049431962775,0.0301611402375,0.0728631264125,0.08573349745,0.04086678215,0.035123152325,0.0312206314125,0.0149090694375
KMXK0E05460,0.00413453738375,0.0085619424,0.02570567705,0.0225392538625,0.0256344357125,0.0221277174125,0.0100444821725,0.020832137025,0.021192702875,0.0182141703375,0.022905013,0.0109380372475
KMXK0A07980,0.00918201682375,0.01344034785,0.01749172735,0.0133062151,0.00656000561875,0.0213016489125,0.015767606,0.0037682639825,0.0204015401875,0.01075287007875,0.022049926625,0.017170289
KMXK0H03970,0.0017449038,0.00361340688125,0.01084859789875,0.00252864547625,0.006634477505,0.00404805707125,0.00423908493,0.01433639605,0.00548490757125,0.00471403017375,0.004190255965,0.0075274098775
KMXK0B05080,0.091162118675,0.18878165475,0.06531092315,0.0351183990375,0.0921411208625,0.056220330175,0.025520214925,0.02294330845,0.076175634175,0.10675807255,0.13425234275,0.1045423671625
KMXK0H02770,0.06363762535,0.0403786537375,0.0525501578875,0.017328513575,0.0454653033,0.02774086465,0.012592470125,0.042587172,0.01629326515,0.032304700925,0.012447420595,0.051584465075
KMXK0B04270,0.0213957817125,0.00360885864625,0.0176680336625,0.013440333925,0.00662612661625,0.021516357,0.00976696603125,0.00380624586625,0.0206071757125,0.0177109362125,0.00965446277875,0.01063583332875
KMXK0C06700,0.0124593054425,0.01823754,0.0335785085,0.00782664676,0.0334854482,0.0125295194875,0.01312078765,0.02721235815,0.01697684965,0.014590835025,0.0056220381325,0.0061935150525
KMXK0D05870,0.00545338441625,0.0048952732225,0.014697168775,0.0079028287,0.00898807722125,0.00548411680125,0.00936469824875,0.00516302113625,0.00743069409125,0.0027683300825,0.00925682861875,0.00625380063875
KMXK0D01170,0.0074252442575,0.00288926258125,0.020011438725,0.01076036988125,0.00530489597,0.007467089,0.01275082895,0.01146331261125,0.0043857054375,0.0141794263125,0.00772939058625,0.0085150786625
KMXK0D05160,0.00889257863,0.0300285729625,0.01038868858,0.048477512375,0.078000521525,0.047592378225,0.00936469824875,0.0316709915625,0.01211688493625,0.0240241805625,0.02135486245,0.02352557185
KMXK0A04830,0.0836349707875,0.046040192625,0.025973158575,0.0743263427875,0.0366431192125,0.051578284275,0.0540122640875,0.0485583698375,0.030293888525,0.0600637748125,0.08706075295,0.058817184025
KMXK0G02330,0.0182978383875,0.0232371876375,0.0213763130625,0.00704887950625,0.0080168602575,0.026032347,0.01181691904625,0.01062370436,0.015289787725,0.00569626185625,0.00506335223625,0.0055780390575
KMXK0C03150,0.012957696225,0.01163157747875,0.0065618493125,0.030620046875,0.02135642115,0.0130307189375,0.0136456387125,0.012267768855,0.007653436955,0.015174490175,0.005846928035,0.014859551925
KMXK0D04580,0.0042325013925,0.00876480964375,0.01140682236625,0.00613357337875,0.0160928271625,0.02265201305,0.01028247681375,0.00924420259875,0.00576713847625,0.0114345210725,0.01016403552,0.0182587560375
KMXK0C00440,0.0275854079125,0.0403786537375,0.013969403725,0.017328513575,0.0454653033,0.0639962532875,0.0290499563625,0.042587172,0.0612920689375,0.052677763225,0.012447420595,0.031634234525
KMXK0F05070,0.015085611675,0.00830447432375,0.0108077262725,0.0218614709375,0.00660948239625,0.00930340454875,0.0097424323125,0.0037966849275,0.0054642434175,0.0176664479625,0.01570353525,0.010609117095
KMXK0D00420,0.015085611675,0.01354171745,0.0076394375125,0.0094764314375,0.010777773475,0.0151706262,0.0259054177125,0.02328961535,0.0335187485375,0.00765798803625,0.00680711172125,0.007499050685
KMXK0E00960,0.00402030542625,0.00832538692875,0.00469669179375,0.00582606739,0.00662612661625,0.00932683269375,0.0159265342,0.00380624586625,0.00547800365875,0.010861252685,0.00965446277875,0.01063583332875
KMXK0F00730,0.0585085366,0.085642958325,0.0296290477875,0.0367537059375,0.04180087405,0.0588382597125,0.0267085772875,0.0553932728875,0.0345579482875,0.02970099475,0.0609051118375,0.02908456685
