"genes","logFC","logCPM","PValue","FDR"
"YALI1_E31005g",-5.68535643777449,10.6466351350058,8.39056350798402e-57,7.68575617331336e-54
"YALI1_D06131g",-4.83944103678172,10.7551550231857,2.137595453994e-28,9.79018717929254e-26
"YALI1_E02481g",-5.54972683041583,12.705496933478,1.13787286077889e-21,3.47430513491153e-19
"YALI1_F01078g",-3.20333959341009,11.319214574662,5.99179895791638e-19,1.37212196136285e-16
"YALI1_F23664g",1.44509033708999,12.2851054648597,3.03731980650747e-10,5.09046236045659e-08
"YALI1_C27543g",-1.94090439392877,8.87266245272492,3.33436399156545e-10,5.09046236045659e-08
"YALI1_B14121g",-2.02815497835362,9.35360863756268,2.91913077135048e-09,3.69762461571574e-07
"YALI1_C32886g",-1.5314215140459,9.3222364934711,3.22936647660763e-09,3.69762461571574e-07
"YALI1_B29419g",2.20899040240444,9.60125257037845,8.73106020333933e-09,8.8862790513987e-07
"YALI1_A20995g",-2.14478758464053,9.30999536766427,1.34968504876441e-08,1.2363115046682e-06
"YALI1_E36437g",-1.42097020955286,9.36001466952887,2.16334625822019e-08,1.80147742957245e-06
"YALI1_B25553g",-2.03948396272718,8.27595865161571,3.91395205677798e-08,2.98765007000719e-06
"YALI1_D31155g",-4.98694029798062,11.8550103814452,6.42273241354361e-08,4.52555606985073e-06
"YALI1_A17957g",1.71546396435782,9.71725565421063,2.9936511768178e-07,1.82987571484665e-05
"YALI1_F37463g",-2.12619053917066,10.5799529536085,2.99652136710696e-07,1.82987571484665e-05
"YALI1_E10587g",-1.66899234068201,8.67329381580944,4.31601978529428e-07,2.47092132708097e-05
"YALI1_A10857g",-1.59151463110031,10.9361371047267,4.72135898940181e-07,2.54397931428945e-05
"YALI1_E41251g",-1.63966391544761,9.45027799494664,6.59616623472394e-07,3.35671570611507e-05
"YALI1_A16292g",-1.07032138366353,10.4922775218233,9.46613689384571e-07,4.56367441829614e-05
"YALI1_D04128g",-1.76293637097428,8.7149052674219,1.14146582098748e-06,5.22791346012265e-05
"YALI1_C31408g",-2.02929456482014,9.36099090399198,1.69435505562275e-06,7.39061538547828e-05
"YALI1_E17643g",-0.939723857233597,10.4964707642853,5.81886100688451e-06,0.0002422762128321
"YALI1_E09241g",-1.66103252208765,7.69257521115975,1.21907172515222e-05,0.000485508565321493
"YALI1_F02309g",-0.91685851411412,11.9351398364218,1.37905893815753e-05,0.000526340828063458
"YALI1_A17085g",-3.75146513185313,11.7581386315703,1.91811105309269e-05,0.000702795889853161
"YALI1_E40394g",-0.958934061572971,10.6895430538303,2.06188349488485e-05,0.000726417415890203
"YALI1_D13510g",-1.22377606094151,9.87259338095273,3.07716060907951e-05,0.00104395522885808
"YALI1_E33056g",-0.776091061428334,9.46491426446345,6.26813037374824e-05,0.00205057407941193
"YALI1_B05798g",1.25809369089087,8.47180406518386,8.68544649396878e-05,0.00274340309947428
"YALI1_E01105g",0.929345152331378,9.62578703309377,0.00011040509321216,0.00337103551274463
"YALI1_B26112g",0.841207199217662,8.78722215246377,0.000152681128798386,0.00451148109610715
"YALI1_C29080g",-0.670250039360544,12.4926941074877,0.000179977732082535,0.00515186258086255
"YALI1_F27871g",1.1704066411916,8.73245001398402,0.000196963417672679,0.00546722698752043
"YALI1_E15398g",-0.892453450914997,9.1357649677595,0.000256140660679711,0.00690073074066515
"YALI1_E20596g",-1.01846181329654,8.75310875289449,0.000271309237213077,0.00710055032249082
"YALI1_B04540g",1.46181363367145,7.95619156946868,0.000312184808579061,0.00794336901828945
"YALI1_C33299g",0.759208636933506,10.0478734134086,0.000346483115371893,0.00823623988344444
"YALI1_D02444g",-2.75831816592919,9.3061594360611,0.000349813142978711,0.00823623988344444
"YALI1_C14450g",-0.793086436754184,12.5275267721022,0.000350669602024381,0.00823623988344444
"YALI1_B11853g",0.8632675464475,8.74237416751309,0.00038141578490432,0.00873442147430892
"YALI1_F08392g",-1.00851164574002,9.04542758637039,0.000417918941227521,0.00920500037793979
"YALI1_F06351g",-1.03720856272857,8.6816213836121,0.00042206333610641,0.00920500037793979
"YALI1_E27441g",1.69959942667173,9.46246131120962,0.000522162343707668,0.0111232722520052
"YALI1_E41061g",0.807059645867136,10.713270863525,0.000677832433633669,0.0138752361901761
"YALI1_E14988g",-0.834068720041837,11.9935934403717,0.000681643699299044,0.0138752361901761
"YALI1_C29762g",-1.14963424615775,7.2780023633412,0.000944099139519901,0.0187998872130485
"YALI1_F29395g",-3.11422867832065,12.3405723341036,0.00125746079757069,0.0245071083101011
"YALI1_E21406g",-0.830143816770671,9.34638736280086,0.00141984494535879,0.0269517617822266
"YALI1_E34072g",-1.14674049862244,8.81675666174405,0.00146856335161106,0.0269517617822266
"YALI1_F34202g",-1.79872140725209,7.24978337870176,0.00147116603614774,0.0269517617822266
"YALI1_C26764g",0.951415573602044,9.08790994261892,0.00176959993152587,0.0308994523770197
"YALI1_D08884g",-1.08537292787945,7.25238591015026,0.00177385798693619,0.0308994523770197
"YALI1_A20063g",-1.18986803163483,6.71750525116078,0.00178785041046075,0.0308994523770197
"YALI1_A03837g",0.95684630756962,12.0500227849528,0.00190809553175252,0.0323669538349131
"YALI1_C12941g",1.33980352587176,8.80692056021055,0.00202621310062261,0.0337456581849148
"YALI1_C25512g",-1.22659108252125,6.75758590874918,0.00240073493006228,0.0390580129352834
"YALI1_D11686g",-0.827722760180735,9.20709030324434,0.00243046587042702,0.0390580129352834
"YALI1_D35768g",0.694630189855204,9.48836445196516,0.00254985004027352,0.0401844989456135
"YALI1_F13875g",1.84763524725253,9.56647718581553,0.00258830287968471,0.0401844989456135
"YALI1_F08260g",0.555028016266951,10.8811528393468,0.00276854829743058,0.0420453617797425
"YALI1_F12330g",1.11700868367428,7.48144623842664,0.00283720619687573,0.0420453617797425
"YALI1_E41367g",0.587845018920466,11.9084233357655,0.00284586509862886,0.0420453617797425
"YALI1_E32603g",1.15568500625371,7.8495567258462,0.00298745146394563,0.0434365958884792
"YALI1_F35109g",-0.941149986593043,9.39479540196458,0.00307254470747402,0.0439757961257219
"YALI1_C05133g",0.695567307969697,9.98339681151111,0.00367043623307747,0.0517249167615225
"YALI1_E15835g",-1.20394385685035,8.02646229215881,0.00383011860812208,0.0531036529906022
"YALI1_D07981g",-0.551715029438846,10.4453126232069,0.0039913499115204,0.0531036529906022
"YALI1_F00616g",-1.06831243239478,8.70291487075131,0.00403020918388566,0.0531036529906022
"YALI1_A03029g",-1.21515456508406,10.5835978244162,0.00404103210941475,0.0531036529906022
"YALI1_F19345g",-0.515298863310793,9.82142469786429,0.00405813942067921,0.0531036529906022
"YALI1_C15445g",0.650614045668752,9.3458820142347,0.00425721112115853,0.0549240195349467
"YALI1_E00760g",0.753911192881422,10.4370192802241,0.0045402888299491,0.0577625634476857
"YALI1_B19021g",-1.15555249599153,6.26617935164422,0.00472852552035915,0.0593332791321778
"YALI1_F12138g",0.729231033172169,9.77944466105537,0.00482910750101372,0.0597765198774131
"YALI1_C12024g",-0.724252512015745,9.35139529435593,0.00495604788569583,0.0605298648439651
"YALI1_D25330g",-1.28248637568933,6.58363002684646,0.0051620640649332,0.0622164563615633
"YALI1_C00464g",-0.728828466389952,9.69818652108768,0.00558112709771518,0.0663936678117806
"YALI1_B20289g",-0.637510380661631,9.45990731350217,0.00653986916980708,0.0768015405069652
"YALI1_E27279g",-1.99721379266872,8.69881689258113,0.00699160168847069,0.0810671790713817
"YALI1_D09566g",1.41241523345426,7.88069761751443,0.00717736443689471,0.0821808228024444
"YALI1_F03136g",1.01962538543553,9.0339655009887,0.00733579212787515,0.0829578467794276
"YALI1_D09055g",-0.596089944532699,9.84892793689176,0.00765994807971648,0.0855672248904914
"YALI1_B03644g",-0.775086446429501,7.80068566865686,0.00803123084332669,0.0886338247287621
"YALI1_E29930g",1.2822972662803,11.9263358550361,0.00850053658989329,0.092696327575503
"YALI1_C30130g",-1.16388039818474,9.06618910323453,0.00906213336017271,0.0976578136225671
"YALI1_B18572g",0.55936252089156,10.8016121695257,0.00996209628265586,0.105578804159207
"YALI1_F30877g",-1.06021399605319,9.11927987484782,0.0100730101091254,0.105578804159207
"YALI1_E26377g",0.759077188538589,7.70568641235801,0.0101429418842906,0.105578804159207
"YALI1_B21493g",0.788239574050902,9.07841016452315,0.0109315989303243,0.110180696295272
"YALI1_E18927g",-0.517066641497577,10.4034618092314,0.0110330157512922,0.110180696295272
"YALI1_D02206g",-0.797612277643847,8.47704864318253,0.0111112669122053,0.110180696295272
"YALI1_F03803g",-0.693943778832536,11.0673522947822,0.0111753649259971,0.110180696295272
"YALI1_C12788g",0.676575649722987,10.5859042484347,0.0111864680736466,0.110180696295272
"YALI1_D36161g",-1.05975219088542,7.76449229770182,0.0113669466219493,0.110292669046641
"YALI1_D27148g",-0.61299577468288,8.99231622594934,0.0114386501740512,0.110292669046641
"YALI1_D18408g",-0.709190383175151,8.86580471959236,0.0120181901106962,0.114673563972893
"YALI1_C15991g",0.54697423655421,8.65620664520358,0.0122536135141664,0.115122204225247
"YALI1_D26051g",-0.655431157387353,11.5833926167309,0.0123165677009544,0.115122204225247
"YALI1_E31389g",-0.651155872988527,12.5111628410124,0.0128390048646006,0.118793216727011
"YALI1_F30004g",-1.15175567659795,6.85841101653121,0.0132272200438904,0.121161335602036
"YALI1_E30028g",-0.694046786526644,10.9532190786708,0.0140700461617007,0.127258250893337
"YALI1_D34353g",-0.673207920907465,12.3440755766195,0.0142033451971737,0.127258250893337
"YALI1_F23922g",0.770185694542046,7.30232908690571,0.0143096068144255,0.127258250893337
"YALI1_E37930g",0.661625115173813,11.010942209117,0.0146400629054089,0.128945169436101
"YALI1_E25400g",0.916551254234067,7.94854887869417,0.0149352287786807,0.129238374540301
"YALI1_B03404g",0.942667699700299,6.54763753098385,0.0149555324249693,0.129238374540301
"YALI1_E39693g",-0.502895182536774,10.5668142347834,0.0154470110089733,0.130112067126413
"YALI1_F13908g",-0.759687458767438,9.706161386922,0.0154997391927075,0.130112067126413
"YALI1_B20462g",-0.552162657915371,11.9127605144952,0.015553110879195,0.130112067126413
"YALI1_A13454g",0.516121408795266,9.22506512008733,0.015624811554482,0.130112067126413
"YALI1_E22787g",0.864127816567681,8.09017630724832,0.0158255667583417,0.130596568924693
"YALI1_D10458g",-0.489187775123868,12.0196216110691,0.0163782565959851,0.133950741445735
"YALI1_D14004g",-1.1662462640341,5.91282843993849,0.0175584602656806,0.142332297374898
"YALI1_F13220g",0.998358835404357,10.1017607346142,0.0180467172447385,0.145006956106846
"YALI1_A11270g",-0.693369945932243,9.0846496846992,0.0186200884694283,0.147454683729942
"YALI1_F29078g",-1.07493329766133,5.98973450721716,0.018673300559687,0.147454683729942
"YALI1_D28273g",-0.457519210545508,11.9774818869652,0.0189508610362051,0.148367424864649
"YALI1_B11131g",-0.524085350069131,9.14869576940995,0.0193221939720322,0.149992624393064
"YALI1_E23292g",0.791640038674293,7.81537482336385,0.020379851469901,0.156175104117919
"YALI1_F31531g",0.584272962978739,11.4735825242532,0.0204596206268016,0.156175104117919
"YALI1_F32067g",0.942875376076,9.12328066999677,0.0206759105902478,0.156521769427
"YALI1_C24124g",-0.621912088550635,10.0669629854287,0.0214512440868181,0.1610601605207
"YALI1_C00230g",0.922519804543454,9.07414618197404,0.0217005197403765,0.161607122619389
"YALI1_F20914g",-0.46802235362705,11.8956129151937,0.0233436856169586,0.171215935262352
"YALI1_E03762g",-0.672115795069624,8.81626523344769,0.0233646199866747,0.171215935262352
"YALI1_F31672g",0.797032257870412,13.7975013165496,0.0241627541487204,0.175659387303396
"YALI1_D08125g",-0.687994901816294,8.42326962110764,0.0259563349661564,0.187212620700782
"YALI1_C32184g",0.931227630283207,8.44126740115118,0.0261785187674602,0.187340024929637
"YALI1_B30090g",0.6599099794412,8.57304065529427,0.026970513111083,0.190096946243398
"YALI1_A20484g",-0.701002384133614,9.67575427105285,0.0269788242485172,0.190096946243398
"YALI1_F25924g",-0.879353044812372,8.28438382306906,0.027725752398927,0.193868619827612
"YALI1_C04067g",-0.519802073122233,9.88384052840636,0.0289256909743471,0.200726764640166
"YALI1_B28659g",0.402684438970815,11.3685084793808,0.0292632846880439,0.201542622362769
"YALI1_E28575g",0.422071741611321,10.014381421491,0.0308528309460216,0.210583250118266
"YALI1_E37040g",-0.539526346608107,8.79916107733991,0.0310936540752451,0.210583250118266
"YALI1_F14495g",-0.456613704303821,10.4077078547184,0.0312656353887381,0.210583250118266
"YALI1_E19852g",-0.6662963953171,9.08279090037804,0.031846880915539,0.211436047032677
"YALI1_D21120g",0.61891632641722,8.89509766703419,0.0318539022822156,0.211436047032677
"YALI1_D12282g",0.711828919203036,7.44530217566372,0.0326620877256188,0.212209439575199
"YALI1_F21396g",-1.06463399640372,8.18831863451527,0.0326695999246735,0.212209439575199
"YALI1_B22793g",-0.692590837181551,8.04874704816516,0.0332740275225337,0.212209439575199
"YALI1_E19172g",0.502566226213793,8.99252417584358,0.0332868933062275,0.212209439575199
"YALI1_D06828g",-0.483206822106913,10.3191408154528,0.0336108401557099,0.212209439575199
"YALI1_F38776g",-0.531760357096195,9.30784772227809,0.0337007717520412,0.212209439575199
"YALI1_D13226g",-0.608286329248544,8.44439024468546,0.0339051226796251,0.212209439575199
"YALI1_D08946g",-1.39064585414609,8.40932321444138,0.033967890256309,0.212209439575199
"YALI1_D05343g",-0.88418854024457,8.97744901023188,0.0340994555828706,0.212209439575199
"YALI1_D30540g",-0.814827658506696,8.34343585228388,0.0346653951923093,0.212209439575199
"YALI1_E36404g",-0.87989890772416,9.58862786619361,0.0348112661168027,0.212209439575199
"YALI1_B09090g",-0.794971962885851,10.5425852587244,0.0348962617153777,0.212209439575199
"YALI1_F08845g",-0.51933902313078,10.5179367351927,0.0349916277671885,0.212209439575199
"YALI1_B09367g",-0.549471297768266,9.67416786371984,0.035213793466627,0.212209439575199
"YALI1_C05908g",0.512611621639997,9.70984905612866,0.0357127849784215,0.213809876079961
"YALI1_B01464g",-0.663264977443499,9.46374303731297,0.0368299737821042,0.215356379163637
"YALI1_F14882g",0.449669482767488,9.07176109049022,0.0368354437427256,0.215356379163637
"YALI1_B25906g",1.17236800939808,8.19566741613296,0.03704083992623,0.215356379163637
"YALI1_F09003g",0.648231319047501,8.75023248264384,0.0372827714797674,0.215356379163637
"YALI1_E01019g",-0.4096021318579,10.4433461363371,0.0373569083055672,0.215356379163637
"YALI1_C32223g",-1.10279544940722,7.13981830659555,0.0373817295709807,0.215356379163637
"YALI1_B20802g",0.78008690405288,9.43729937122845,0.040068118236432,0.225781259981691
"YALI1_E27383g",0.710228649058838,8.99458272529371,0.0401419208260194,0.225781259981691
"YALI1_F08705g",-0.665049101624702,9.91405421368262,0.0403397554763065,0.225781259981691
"YALI1_D25255g",0.64605360220229,7.83029076409302,0.0404284498853828,0.225781259981691
"YALI1_F01020g",1.06019633784603,9.4295674663522,0.0404655807663709,0.225781259981691
"YALI1_D35061g",-0.768799558077448,7.06099976553149,0.0406702051277064,0.225781259981691
"YALI1_B13179g",1.37736412640682,10.0422739228595,0.0415443663081178,0.229244816495397
"YALI1_D17899g",-1.01303180332193,6.15061199760492,0.0420731573107634,0.229466296645027
"YALI1_D00614g",1.00994087060331,7.35607432365393,0.0422029741397427,0.229466296645027
"YALI1_F27929g",-0.852789939135977,6.16848601534068,0.0423360307128925,0.229466296645027
"YALI1_F04110g",0.758787042915303,10.0629148822829,0.0428808923515497,0.230927715132208
"YALI1_A00504g",-0.679581221689713,8.2157287641324,0.0431098682179123,0.230927715132208
"YALI1_C28593g",-0.668675997944591,8.82245213405458,0.0438835541776622,0.233705439690341
"YALI1_E17466g",0.470574742668373,10.9959425671214,0.0443824563613666,0.234996127323768
"YALI1_D12091g",-0.984248348566054,8.45034372437599,0.0460477639665468,0.242412366628488
"YALI1_F10688g",-0.68014517974373,7.02652316437052,0.0476024372193319,0.249164757102332
"YALI1_C15964g",-0.411761284951739,12.1025887987116,0.0480055553278702,0.249847094774597
"YALI1_D27884g",1.07832274544427,7.92848357165234,0.0484484533062513,0.25072758886173
"YALI1_D12930g",0.570094310170462,11.1524592581265,0.0492106173771503,0.253241154592526
"YALI1_F27211g",-0.52154167912245,12.0934839202409,0.0499844048781548,0.255786116583183
"YALI1_A22539g",-0.377467930723924,11.4791491197047,0.0519395167167669,0.264116160300773
"YALI1_F32043g",0.399943842688558,10.6527384380319,0.0521888919371615,0.264116160300773
"YALI1_F18381g",0.752059874354484,6.93190759759712,0.0542687844067464,0.27313300283835
"YALI1_B19576g",-0.856125063844775,7.11876090727107,0.0571334095029781,0.284870416206093
"YALI1_A00746g",0.579905881267653,8.77064937072691,0.0572228783645427,0.284870416206093
"YALI1_E41315g",0.339036209907187,10.902917644321,0.0592090707743861,0.290110156017099
"YALI1_B28292g",0.49760563353588,9.26982466495416,0.0594556136073354,0.290110156017099
"YALI1_B01628g",-0.547689918918928,9.11503614483445,0.0595310611800531,0.290110156017099
"YALI1_E14505g",-0.642526928216457,9.7075376888671,0.0597653688266101,0.290110156017099
"YALI1_C06626g",0.530389384196277,8.69934061819817,0.0601408604339463,0.290110156017099
"YALI1_D20222g",-0.334313312326719,9.8991584432299,0.0601756873834594,0.290110156017099
"YALI1_D05873g",0.360417591134816,10.5965750240705,0.0613381554896019,0.294166232609819
"YALI1_C30187g",-0.634081030893658,8.48957578648125,0.0628766985529083,0.299974249346167
"YALI1_F00821g",0.805537059530379,8.69978094969306,0.0644755662531675,0.305773300731658
"YALI1_C16485g",-0.651856876698433,8.07648895661163,0.0647598475348707,0.305773300731658
"YALI1_D10535g",0.442068312349413,11.2436336025317,0.0660636574603285,0.310329796070056
"YALI1_B29867g",0.999031096621238,7.45144682853649,0.0669028785105222,0.312668554671624
"YALI1_F03842g",-0.855625081059174,8.27927692766772,0.0675215640634549,0.313644807253519
"YALI1_D10961g",-0.663661567998151,8.25357975805386,0.0679120149357432,0.313644807253519
"YALI1_C24850g",0.444684119498213,10.1406139650625,0.0681389919688321,0.313644807253519
"YALI1_B26153g",-0.50802930199624,9.06220324255598,0.0704714775037348,0.320591176518837
"YALI1_E27871g",0.49458074106745,10.7936450290207,0.0707029087172291,0.320591176518837
"YALI1_E38526g",0.738130194846732,8.06746210527925,0.0709073296408389,0.320591176518837
"YALI1_F23024g",0.604095897720346,8.75949064889319,0.0710480445778644,0.320591176518837
"YALI1_C04401g",0.387085229402404,8.92737137529152,0.0744804886576984,0.333356644475066
"YALI1_C25352g",1.24591764051859,7.7815067727395,0.0746049258923455,0.333356644475066
"YALI1_E13899g",0.540745382088304,10.7377348372775,0.0754387078219295,0.335445904683919
"YALI1_E22921g",-0.667172536928622,6.72919053986117,0.0767152802561022,0.339474380263718
"YALI1_E27144g",0.497867676908552,8.61838970474852,0.0775693820227098,0.341303973973131
"YALI1_A13566g",0.891023744951139,8.51284000637858,0.0778739416598083,0.341303973973131
"YALI1_E25317g",0.347529050557646,11.7948496073507,0.079108063733032,0.345061839902177
"YALI1_E06616g",-0.577956708162659,10.1072347176197,0.0802605834216094,0.347839340726151
"YALI1_E21915g",-0.454431421340783,9.52468798449041,0.0805043015654411,0.347839340726151
"YALI1_E19557g",-0.450128841595853,10.3077410327855,0.0815770607954502,0.349953886042567
"YALI1_F03855g",0.625455361333742,7.3321574067785,0.0821002945839193,0.349953886042567
"YALI1_F26039g",-0.698637384286487,8.80213295624761,0.082395541289738,0.349953886042567
"YALI1_B23708g",-0.382366261625847,9.62445857108943,0.0825218770580725,0.349953886042567
"YALI1_F09361g",0.833798507326757,9.9386190459144,0.0833553992806175,0.351859657792837
"YALI1_B17871g",0.43477172347745,9.51786735267711,0.0858288815528943,0.360638786708492
"YALI1_B21798g",0.667106839836034,7.71914120860416,0.088346886037156,0.369523961689657
"YALI1_F33754g",0.601380405723999,7.90843154332281,0.0893292057803636,0.371934329521878
"YALI1_F33973g",-0.402998731691752,9.12571418407273,0.0901290351136921,0.37356649848028
"YALI1_D09103g",-0.657411622938094,9.76136130089605,0.0919228292402294,0.377964034588669
"YALI1_D07162g",-0.74251295574688,8.08675051007856,0.0920152616957131,0.377964034588669
"YALI1_F21426g",-0.601824789688236,7.79636757216275,0.0931952812971552,0.381102132447295
"YALI1_E38131g",-0.825393209453952,8.10849943692147,0.0945004987157224,0.384722030327119
"YALI1_B19507g",0.582482105589893,9.67805392583622,0.0956356922861169,0.387403150535907
"YALI1_D06380g",0.415102507281463,9.41297379589716,0.0960049292266932,0.387403150535907
"YALI1_D17493g",0.647684330354598,8.57399928828784,0.0965594568769115,0.38793185306689
"YALI1_B15996g",1.09503057604937,13.2665321011132,0.0991109972178551,0.395293210087974
"YALI1_B25427g",0.33058981084372,9.15955337619847,0.0992548453277665,0.395293210087974
"YALI1_B19897g",0.353864534689448,10.7253971178334,0.0997056261084265,0.39536949573731
"YALI1_E24201g",0.295555801509183,10.8518059601111,0.103286016403252,0.40780168545422
"YALI1_E07899g",0.596041206839715,8.81614739741429,0.104177778688044,0.40955727587231
"YALI1_B07937g",0.642734099479157,14.5628611967633,0.106890565532949,0.41842631635975
"YALI1_E32842g",0.358325267597726,11.1946374985463,0.108971166272096,0.424755694915915
"YALI1_E00628g",0.959100664815823,8.64245365474623,0.10987455652744,0.425511071600937
"YALI1_F34933g",0.369937052236777,9.69933639753974,0.110094021800679,0.425511071600937
"YALI1_A20089g",-0.477391563296355,9.48745157444872,0.110709828278897,0.4256765604801
"YALI1_E06137g",0.563816779140776,8.77415041586347,0.111066264142733,0.4256765604801
"YALI1_E04499g",-0.707377392016136,7.87453863328058,0.111935437063836,0.427220251460309
"YALI1_E40361g",0.492695931779186,10.0050669630793,0.115023780307304,0.437185820587098
"YALI1_D17482g",-0.852644669794937,8.34035499377784,0.115980955494586,0.439002294351409
"YALI1_F14688g",0.60026996125563,8.59990452028757,0.11809510412795,0.44516508387326
"YALI1_D34865g",0.432475141580904,9.39295766952916,0.120696157483093,0.453105246944725
"YALI1_F04045g",0.307291399108693,11.3486239314403,0.122457170069053,0.45783986850307
"YALI1_F07344g",-0.346462073950268,11.3342907942911,0.1249247421837,0.461811062602508
"YALI1_C07816g",-0.917086784652247,7.81912801554299,0.125217523283721,0.461811062602508
"YALI1_B18811g",0.867915510702049,8.50818645060773,0.125220587018119,0.461811062602508
"YALI1_B19044g",-0.366361123414964,10.0910892024239,0.125535976624481,0.461811062602508
"YALI1_C13890g",-0.361048615472018,10.052866345606,0.127452442712943,0.466985750100222
"YALI1_C16621g",-0.611337230331642,7.01428547474498,0.128496794243893,0.468093502084447
"YALI1_F29424g",0.449086464428866,8.27635003660732,0.128776814983931,0.468093502084447
"YALI1_B12337g",-0.460856036931292,9.84751312417353,0.130946700096491,0.474099514973858
"YALI1_F21690g",-0.663766219133481,7.7505517027097,0.131521371436303,0.474305418250606
"YALI1_C25307g",-0.709803438311041,7.99157060657061,0.134395288169294,0.482768956717936
"YALI1_F14368g",0.573854742779254,8.64171847933715,0.135308510366565,0.483260897359699
"YALI1_C24303g",0.370796298019803,8.98715070874604,0.135587391508125,0.483260897359699
"YALI1_C03874g",-0.353655909268671,10.1684625543455,0.138070917439778,0.490205272770683
"YALI1_A06434g",0.3649147218389,9.6780416294723,0.139310832532934,0.492697770657018
"YALI1_C23926g",0.546912040810889,9.12325300104499,0.140563334827357,0.49408463618392
"YALI1_B02696g",0.48114610561567,9.91258363449261,0.14078175768996,0.49408463618392
"YALI1_F21482g",0.648135020402066,7.99601540680566,0.142035404621943,0.496549419855527
"YALI1_D22124g",-0.363811105697328,10.7004908066188,0.142568228626641,0.496549419855527
"YALI1_D26586g",-0.317354675700225,9.83502171383504,0.143896443115856,0.498040770730217
"YALI1_E22238g",-0.273737923350359,11.0765518177434,0.144354311690055,0.498040770730217
"YALI1_C16378g",0.44362206297543,8.33967925617194,0.144864671286982,0.498040770730217
"YALI1_E00574g",-0.616096369294902,9.17213773656744,0.145171272691013,0.498040770730217
"YALI1_B12993g",0.29845989043875,10.6616987028048,0.147235973481922,0.501574448424599
"YALI1_E18441g",-0.315834228004226,11.6244441206392,0.147997560501956,0.501574448424599
"YALI1_E07153g",0.54147116638371,8.12930224657108,0.148092674253298,0.501574448424599
"YALI1_F19805g",0.43954333849512,8.5189433558012,0.148637148457283,0.501574448424599
"YALI1_B06809g",0.631081492860586,7.55020565839712,0.148939137523462,0.501574448424599
"YALI1_F29652g",-0.837935860780799,7.69663068948843,0.152313523605746,0.511059295321844
"YALI1_B18930g",0.300257763049578,10.6477929098271,0.154327119017221,0.51359383327857
"YALI1_F39051g",0.499864165041526,10.3136926459433,0.154529538193551,0.51359383327857
"YALI1_E15559g",0.521830469381766,8.14126509737116,0.154750980332844,0.51359383327857
"YALI1_E36334g",0.370375793337791,9.55496519346203,0.156194300294105,0.514652397421157
"YALI1_F31405g",0.930478734376927,7.22276978737112,0.156480965407586,0.514652397421157
"YALI1_D14199g",-0.343243985469308,10.9925148103691,0.156959567111024,0.514652397421157
"YALI1_D13963g",0.506146368885154,7.62629285244663,0.157317326722625,0.514652397421157
"YALI1_D09000g",-0.792336737344314,7.18061082014172,0.158328534839087,0.516117216770833
"YALI1_B15380g",-0.406937120730203,8.23107087621849,0.159372496340054,0.517678037757055
"YALI1_C06597g",0.632905568327637,12.5297277409119,0.1626225323195,0.523989973484947
"YALI1_D15952g",0.65626413819109,7.07118014964026,0.163010471266716,0.523989973484947
"YALI1_F11583g",-0.43063270193244,11.0679212500973,0.163450472911894,0.523989973484947
"YALI1_D33380g",-0.27052855367664,11.7313141262747,0.163603856350104,0.523989973484947
"YALI1_C30440g",-0.606607892087365,8.45082736398972,0.165075713495688,0.526861859101219
"YALI1_D26146g",-0.379029121955906,11.3323937918,0.166750506966051,0.528511809051892
"YALI1_C09230g",-0.375820692580852,11.4039939291582,0.166828733842538,0.528511809051892
"YALI1_D00747g",0.392494657039253,8.49461330691707,0.167323607669267,0.528511809051892
"YALI1_F25254g",0.379940426896613,8.2509565900313,0.168795016763352,0.531327269261959
"YALI1_F21174g",-1.05165703882693,8.55935502637719,0.170749349111074,0.53563836912926
"YALI1_A15879g",0.554850195307006,7.16473360896584,0.172885837814739,0.538856309916801
"YALI1_E31827g",0.784750359461702,7.7176218610856,0.172951697724388,0.538856309916801
"YALI1_F01405g",0.521811076827309,8.02238694656832,0.174375380517939,0.540627732383645
"YALI1_F03883g",-0.860267267482497,7.84997725241685,0.174700664613056,0.540627732383645
"YALI1_B18499g",-0.276551141570316,11.2169131295818,0.175999181196835,0.541048726106494
"YALI1_A03721g",0.597895694780546,6.67462337339286,0.176018035349056,0.541048726106494
"YALI1_B15092g",0.786565079905458,9.20871392181534,0.176624374970798,0.541096747402178
"YALI1_B11983g",0.710124605147503,9.85161930040713,0.179893820343442,0.548489291388502
"YALI1_C25758g",0.570527873891215,9.0431638526964,0.180816759934312,0.548489291388502
"YALI1_C30119g",-0.548353151901659,7.46969819391546,0.180833805676122,0.548489291388502
"YALI1_B17493g",0.38863114811058,9.53140729673733,0.181955244051253,0.549393275123539
"YALI1_F32232g",0.301395862057574,9.57405971597747,0.182965118381615,0.549393275123539
"YALI1_C03415g",0.426711195202371,8.8231118291297,0.183799080735552,0.549393275123539
"YALI1_C30320g",-0.581727335932725,7.6832546358519,0.184013888881005,0.549393275123539
"YALI1_D17206g",-0.347815199528879,11.7868632478521,0.18413071557088,0.549393275123539
"YALI1_C11862g",0.458052396879528,8.65793140007817,0.185983130314097,0.550399809079551
"YALI1_E07744g",-0.280733063121877,10.9657704530438,0.186527447294015,0.550399809079551
"YALI1_A18166g",-0.375738318785646,8.16099443535801,0.187191833293487,0.550399809079551
"YALI1_E25453g",0.364755027022527,11.0773231177234,0.187203732593481,0.550399809079551
"YALI1_A07538g",-0.729745253821177,5.5717924874807,0.188094372835529,0.550399809079551
"YALI1_D13545g",0.518722067767076,6.85201166476644,0.188974831794427,0.550399809079551
"YALI1_A22073g",0.40646949676286,7.91290727910135,0.189194769307188,0.550399809079551
"YALI1_D07729g",0.369818282571616,8.90714459320871,0.189277564169874,0.550399809079551
"YALI1_C32609g",-0.424061855884375,10.0199924035333,0.189875916669365,0.550399809079551
"YALI1_D16609g",0.576619708911063,7.4240535015938,0.190983455483508,0.551863865056446
"YALI1_D33599g",-0.416873420401749,9.67373061204144,0.19354204791153,0.557498477631954
"YALI1_D22704g",0.617663794540276,8.08389560484147,0.195876530332348,0.56125303020031
"YALI1_D08082g",-0.308234682264644,11.5037257348239,0.196070927580895,0.56125303020031
"YALI1_C16108g",0.533365200197518,10.3670844922675,0.197719143855144,0.564207899599102
"YALI1_E23184g",0.338799074923698,9.84408978801876,0.198427912795159,0.564471950684366
"YALI1_F06830g",0.349702359836396,9.53524588753586,0.199818418762966,0.566667713891258
"YALI1_F37011g",0.6850480253358,8.27759249483879,0.201685304944143,0.569829467232503
"YALI1_E14698g",0.591228314250176,8.29906224740228,0.20250057113758,0.569829467232503
"YALI1_D28825g",-0.437632219974096,7.82124203201503,0.202799570215935,0.569829467232503
"YALI1_E17243g",0.297700636140317,10.7341050864901,0.205203366232141,0.574820438742021
"YALI1_C17566g",0.406230060339309,9.0971478134073,0.207660658768067,0.578029597562263
"YALI1_D35735g",0.313766271541042,8.86596284675551,0.208020335974868,0.578029597562263
"YALI1_B22614g",0.529546473940875,8.76089007169604,0.208242103925269,0.578029597562263
"YALI1_C33152g",-0.217815748356235,10.4854339491684,0.209716318046086,0.579731288837926
"YALI1_D08050g",-0.601906692495055,8.53578772795448,0.210910950152833,0.579731288837926
"YALI1_A18847g",-0.861190848777621,8.60905864345733,0.211049081429751,0.579731288837926
"YALI1_F29987g",0.310773854606961,8.80332382805062,0.211386736322999,0.579731288837926
"YALI1_D02087g",-0.521418244985279,6.89331564343926,0.213161370623349,0.582853180570112
"YALI1_B04433g",0.573764310007205,11.6918948504002,0.219307995209682,0.597875367893063
"YALI1_F17962g",-0.396494087643091,8.52009190871972,0.220868033032912,0.598900629909279
"YALI1_E02377g",0.509390255920399,8.72498021038053,0.22099171714993,0.598900629909279
"YALI1_A06453g",-0.487187418017949,7.63954237859603,0.222636122280841,0.599666159853125
"YALI1_C29810g",0.274590739459326,11.2380607574443,0.223064739986362,0.599666159853125
"YALI1_E36179g",0.257680175718484,11.4828988190284,0.223238166495541,0.599666159853125
"YALI1_E24922g",-0.265857057214692,9.69786872873336,0.224458782305782,0.601182001731275
"YALI1_C20396g",-0.649337608885271,7.52243404793369,0.226931496004071,0.605027552473317
"YALI1_C29618g",-0.439019408988088,8.3810727247801,0.227393548592618,0.605027552473317
"YALI1_E21128g",-0.282525621143798,10.4262797131987,0.22787609782019,0.605027552473317
"YALI1_B14441g",0.692516082080685,8.26641319179189,0.228877408486544,0.605929786629117
"YALI1_D09870g",-0.279589149094476,10.7123556895429,0.23140336126625,0.609155099261162
"YALI1_C15832g",-0.292967505406138,12.2439307111397,0.231425736400529,0.609155099261162
"YALI1_E24442g",0.395167727774185,12.2073765031512,0.233887050508803,0.613869737152043
"YALI1_D30506g",0.257226461211121,9.8719706125336,0.235248230239078,0.615678225425702
"YALI1_D02781g",-0.538556542158642,7.83721006419036,0.236427535158691,0.616449424753227
"YALI1_F17709g",-0.481261057769231,8.30152337911538,0.236888861913904,0.616449424753227
"YALI1_F10385g",0.600748602356455,5.77167356470358,0.23793586529761,0.61647944702883
"YALI1_D14300g",-0.41098348715979,7.74535422893924,0.238246423851753,0.61647944702883
"YALI1_F39330g",0.366271048106139,11.1836676190089,0.239831368899161,0.61883248989192
"YALI1_F15517g",0.240828464841942,11.0532843150179,0.240923420491318,0.619904081938334
"YALI1_F21989g",-0.391869974119537,8.44621221705956,0.24381367746523,0.624343214227891
"YALI1_E30815g",0.305660380807121,9.77990431334884,0.244512741520024,0.624343214227891
"YALI1_E02529g",-0.426522801122223,7.64176946155848,0.244693464964861,0.624343214227891
"YALI1_F22750g",-0.482861151591651,9.24988848784427,0.248705429160683,0.631932695942901
"YALI1_E34028g",-0.341700576123628,10.537668250846,0.249047710955663,0.631932695942901
"YALI1_E09329g",0.588326195786524,10.9986606406682,0.25125960552268,0.635202628996912
"YALI1_B18607g",0.4062481315276,8.3097209889623,0.252213142468656,0.635202628996912
"cytochrome c oxidase subunit 2 (mitochondrion)",-0.376038441818742,9.6048282246459,0.252708993730835,0.635202628996912
"YALI1_D32268g",0.284449041190275,11.0649070298218,0.253706598885366,0.635202628996912
"YALI1_D15458g",0.32695712197443,10.4382124210443,0.253803670538067,0.635202628996912
"YALI1_C16275g",-0.371247626993917,9.34543619588666,0.254738922924813,0.635494329304541
"YALI1_E34525g",0.611136965093714,6.87057092421099,0.255307765484794,0.635494329304541
"YALI1_D28087g",0.24750136989483,9.24117845549707,0.258140331308856,0.63778466094534
"YALI1_F07938g",-0.547675283323453,7.02683663333392,0.25911471073828,0.63778466094534
"YALI1_B23834g",-0.357070187573389,9.66292200076675,0.259243387585685,0.63778466094534
"YALI1_F18920g",-0.279766838813325,9.26813055959957,0.260141435835696,0.63778466094534
"YALI1_C16204g",-0.531841315621595,7.07172384889453,0.260211626033917,0.63778466094534
"YALI1_B08193g",0.431102938450064,8.25064311433195,0.260405527503884,0.63778466094534
"YALI1_D17151g",-0.329986072850072,7.53211205381412,0.262696136875975,0.641679097009049
"YALI1_B07331g",-0.422328128267246,9.55659934374919,0.265512850892954,0.643557724963925
"YALI1_F22436g",-0.299216822901307,13.2677662279062,0.26553912100755,0.643557724963925
"YALI1_D18577g",-0.360684783180132,7.47572100007305,0.265807646102203,0.643557724963925
"YALI1_B19390g",-0.59130336540112,5.767442681602,0.266275521573502,0.643557724963925
"YALI1_E23635g",-0.384576354447419,10.0625051658165,0.267605074795939,0.645069075034421
"YALI1_E24343g",-0.488637646097044,6.41648415580939,0.269625517470466,0.646222634490065
"YALI1_D16809g",0.267070147854817,9.59808494280124,0.270167182325069,0.646222634490065
"YALI1_A08546g",-0.373517917402563,8.5149822757207,0.27039289853438,0.646222634490065
"YALI1_F37508g",-0.609086635332222,7.98171437924073,0.270905558563521,0.646222634490065
"YALI1_B04853g",-0.319107056576992,9.85092262847144,0.272240339416309,0.647364579307967
"YALI1_B05571g",0.265461429955438,8.81452776452108,0.274850894334479,0.647364579307967
"YALI1_D29481g",-0.29795142709207,10.4506845716388,0.276340070994204,0.647364579307967
"YALI1_D10197g",-0.444910645257013,8.14214500054633,0.276423010300667,0.647364579307967
"YALI1_E06015g",-0.298635478958919,10.7553611825893,0.276499858269767,0.647364579307967
"YALI1_B07076g",0.407775064982747,8.60793342558149,0.276605302237637,0.647364579307967
"YALI1_D34529g",0.37699791206473,7.61845785451464,0.276811186573326,0.647364579307967
"YALI1_F06670g",-0.3893426815574,8.32688381437126,0.277955049578407,0.647364579307967
"YALI1_F04082g",0.286684826063626,9.07379367930931,0.27819630890338,0.647364579307967
"YALI1_E16556g",-0.262707454794041,8.72371920155906,0.278451576689235,0.647364579307967
"YALI1_E17754g",0.391685201848937,8.15602716256916,0.279518349013528,0.648199513155423
"YALI1_A21919g",0.397771393486415,9.36700439154387,0.281178025607053,0.650183129579423
"YALI1_B07366g",0.509321625403535,7.22266081914446,0.28232120269798,0.650183129579423
"YALI1_B11083g",0.684018361604881,9.60682888645767,0.282503150188439,0.650183129579423
"YALI1_F27556g",-0.206059382472509,11.7094970633123,0.284511113350921,0.651330712328847
"YALI1_E02616g",0.244562543229159,9.43953837275604,0.284652544362272,0.651330712328847
"YALI1_E29150g",0.215557684991412,11.0084467758606,0.286267187309721,0.651330712328847
"YALI1_E15452g",-0.414374372855887,8.2835723912503,0.28675134430391,0.651330712328847
"YALI1_D20473g",0.267241020077322,8.72693581550718,0.286771213442377,0.651330712328847
"YALI1_D20202g",-0.466318086824133,6.61448730206872,0.287268130765125,0.651330712328847
"YALI1_E23912g",-0.29734728160781,11.4712704296484,0.289147674295269,0.652326282458566
"YALI1_D15744g",0.446254570403218,7.08453420883114,0.289545205438994,0.652326282458566
"YALI1_F25001g",0.208926825246021,11.6889301753829,0.289849200983581,0.652326282458566
"YALI1_F31760g",0.2347485720239,9.98126910711723,0.290555811400759,0.652326282458566
"YALI1_F20965g",0.292239734718247,10.1606785356658,0.292374298079409,0.654804051444349
"YALI1_C13522g",-0.432029555037622,9.86041680450638,0.29391050622751,0.656490108022746
"YALI1_F32597g",-0.219598084386857,12.3127036206098,0.29526259489026,0.656490108022746
"YALI1_A02775g",-0.214092027087578,10.7778747835687,0.295914679012451,0.656490108022746
"YALI1_F13373g",-0.208908648480893,12.4881629777559,0.296254697049302,0.656490108022746
"YALI1_F33618g",0.401888328623089,6.85521787129454,0.298687152079027,0.656490108022746
"YALI1_A10708g",0.243564294917652,11.2163626281402,0.298973263560383,0.656490108022746
"YALI1_E01793g",-0.446049073152331,8.05109736174775,0.299108986329244,0.656490108022746
"YALI1_B16419g",0.211661838708584,9.87224365358693,0.299173430024439,0.656490108022746
"YALI1_C08262g",0.293704549877034,14.0693161891733,0.300090510044732,0.656490108022746
"YALI1_E20995g",-0.434418957785048,11.5832656045445,0.300601966038532,0.656490108022746
"YALI1_B05350g",0.435054813246146,7.94683282190594,0.301010748220036,0.656490108022746
"YALI1_F29905g",0.38406856193308,7.18358635259499,0.303552774778167,0.660461619232307
"YALI1_E40282g",0.412607081819737,8.23077753318029,0.304693088086424,0.661371726746835
"YALI1_B27534g",0.289271341027887,10.0385679914346,0.305476837754101,0.661505398067983
"YALI1_E27880g",0.26698373598898,10.636885222237,0.311688289938883,0.671881258824739
"YALI1_D09277g",-0.369269276704213,6.61284326275532,0.311735300218902,0.671881258824739
"YALI1_D03952g",-0.272100005867298,11.595616698469,0.313572542968394,0.67307823536429
"YALI1_E16493g",-0.257135892411615,11.4811863661358,0.313760269105406,0.67307823536429
"YALI1_E27249g",0.303415619941944,9.93054729296746,0.315133512957803,0.674444621190065
"YALI1_B05995g",-0.359012541567082,8.87332746564076,0.317158530515641,0.676396280427338
"YALI1_E03553g",0.70574544138876,6.97114156151461,0.317522271379646,0.676396280427338
"YALI1_D01188g",-0.272092604724383,10.5680196977289,0.318303727967484,0.676487737397252
"YALI1_F14136g",0.450273067008229,8.16879560751892,0.320776043295201,0.67684024809476
"YALI1_D26730g",0.52381592350761,10.9774078462749,0.320897150085098,0.67684024809476
"YALI1_D22691g",0.417124821774951,9.06709054931427,0.3215546868759,0.67684024809476
"YALI1_B10607g",0.383494471172135,8.8653673804497,0.322149224862352,0.67684024809476
"YALI1_D24054g",-0.34256721097116,8.98759581568777,0.322164135556021,0.67684024809476
"YALI1_A14736g",-0.249191817596361,11.0948328166275,0.324221806720095,0.678398809201775
"YALI1_D14609g",0.417737475076922,8.17615311637159,0.324936969754099,0.678398809201775
"YALI1_A19759g",0.698038993474799,10.5015075214124,0.325435649402771,0.678398809201775
"YALI1_F11049g",-0.200902980934863,11.0171910163507,0.32594626138835,0.678398809201775
"YALI1_E03300g",-0.269351762452527,11.9276225259284,0.326609033687754,0.678398809201775
"YALI1_B16996g",-0.266292203573456,10.705213156065,0.329138565769148,0.682106167974072
"YALI1_D16981g",0.606149324262785,7.91764190107408,0.331240458001552,0.684912549727813
"YALI1_D08360g",0.297228287794896,8.5977088416044,0.332763938924617,0.68596938966386
"YALI1_F12969g",-0.454795515583635,7.63703187090161,0.333249321397836,0.68596938966386
"YALI1_B16968g",-0.365902774204462,8.00950589475066,0.336754517169671,0.69163035364892
"YALI1_E16731g",0.208655977395011,11.2481829283681,0.33783297507036,0.692293076430536
"YALI1_F30593g",-0.438842101143334,7.84456464682284,0.340890423440651,0.693130630440269
"YALI1_E00963g",-0.408819061788706,10.0950974142061,0.341358350457841,0.693130630440269
"YALI1_E02850g",-0.544858540915333,7.88502184994397,0.34137976938677,0.693130630440269
"YALI1_E18121g",-0.382200907732726,7.08713127756559,0.341942881715487,0.693130630440269
"YALI1_E26811g",-0.207792002519346,9.62088449335202,0.342025158252185,0.693130630440269
"YALI1_F16656g",-0.382420169681247,7.94526748677188,0.345104525360478,0.695034603436234
"YALI1_C09033g",-0.228097543169048,11.2187288804586,0.345356085595501,0.695034603436234
"YALI1_B18645g",0.368275512999367,9.47573786402562,0.346292546804661,0.695034603436234
"YALI1_E38912g",-0.301995545709773,7.6364653607742,0.346593177598114,0.695034603436234
"YALI1_D25744g",0.356173157194245,8.02543118859253,0.346758530316986,0.695034603436234
"YALI1_C02391g",0.313478829641527,8.89320125996414,0.34842168922931,0.696843378458621
"YALI1_E02007g",0.512692844681946,11.9472398696656,0.349631436114273,0.697739423705172
"YALI1_F09598g",0.296548766431736,8.48846587238938,0.35535983208316,0.707629578669945
"YALI1_C30255g",0.248276475564988,10.801112706102,0.357503588009325,0.710313551257202
"YALI1_E33633g",0.204820171020951,9.02048073683152,0.359022430963372,0.710313551257202
"YALI1_B26451g",-0.576038321090598,8.29132346047985,0.359450205373997,0.710313551257202
"YALI1_C26167g",0.345557057305963,8.88461247791802,0.359809484479631,0.710313551257202
"YALI1_B18707g",0.192580496949789,10.9574900389954,0.36145049473843,0.711332164857178
"YALI1_F13395g",0.384477980375575,7.26921408359939,0.36277546538159,0.711332164857178
"YALI1_D05705g",0.24771770932937,8.77601487259773,0.3634049994132,0.711332164857178
"YALI1_E10492g",-0.287663408072132,7.80949169830696,0.365567682269745,0.711332164857178
"YALI1_E29179g",-0.378256976172438,8.97551901266204,0.366474868391319,0.711332164857178
"YALI1_B30275g",-0.448269511869468,6.70650018311172,0.366939634059816,0.711332164857178
"YALI1_E06583g",0.34497756246211,7.84241528367653,0.367168060049305,0.711332164857178
"YALI1_E21513g",0.493641536676429,7.36790241285233,0.367597088007978,0.711332164857178
"YALI1_D00449g",-0.500904770878112,11.007590232414,0.367881854404759,0.711332164857178
"YALI1_E07676g",-0.207716780300492,8.81904932000346,0.368878853069145,0.711332164857178
"YALI1_D00581g",0.498751435430629,10.909294764694,0.368970567363561,0.711332164857178
"YALI1_E20269g",-0.257852879506931,8.43063560907488,0.369644225406132,0.711332164857178
"YALI1_C33005g",-0.243683902494986,8.39784116888449,0.37240016348001,0.714666992086959
"YALI1_F00288g",0.506377115682851,10.4917952827072,0.373435856715521,0.714666992086959
"YALI1_C33458g",-0.188535764130993,10.1509407181075,0.374171847676197,0.714666992086959
"YALI1_C20198g",-0.216435207113637,9.73268354261334,0.374965789039232,0.714666992086959
"YALI1_C05125g",-0.355769589365886,7.55572188022537,0.375432962762194,0.714666992086959
"YALI1_A09638g",0.442133045189864,9.95248164741624,0.37605839539947,0.714666992086959
"YALI1_B26808g",0.288282455022902,10.2097725381968,0.376908905031932,0.71480032507091
"YALI1_E30886g",-0.161028771064225,12.5084078549743,0.379325149060467,0.717608706918898
"YALI1_F12842g",0.199741768298587,12.0590061447004,0.38011573970722,0.717608706918898
"YALI1_C02550g",-0.200032838056561,9.09698458477179,0.380739990788847,0.717608706918898
"YALI1_F17988g",0.448521338606281,8.26235371302478,0.382799697232216,0.718603850376007
"YALI1_D24997g",-0.239917719695488,9.49727542093956,0.382836985789838,0.718603850376007
"YALI1_E33150g",-0.627704275793258,7.72140819862355,0.384951068836525,0.720442696552664
"YALI1_D21100g",0.474764492371652,7.05672364976012,0.386535250505161,0.720442696552664
"YALI1_D23995g",0.273470570310256,8.26766998119944,0.387501452840397,0.720442696552664
"YALI1_B07094g",0.475046157994184,8.67628310646992,0.388104689609124,0.720442696552664
"YALI1_E06759g",0.565289557547408,7.53292658575711,0.388346391504685,0.720442696552664
"YALI1_E04575g",0.448112666156531,7.63452275804428,0.388535690062245,0.720442696552664
"YALI1_E18854g",-0.415543237666168,7.5769473053278,0.390482817721139,0.720517489803759
"YALI1_D03221g",0.461865428429668,10.3936707084033,0.390652809726681,0.720517489803759
"YALI1_E01589g",-0.161827966187423,10.0761629973587,0.391987038613661,0.720517489803759
"YALI1_F08284g",-0.193207097735235,10.8911800649836,0.392309509179876,0.720517489803759
"YALI1_E08211g",0.58331409358717,11.090257051229,0.392508981890912,0.720517489803759
"YALI1_F05089g",-0.242214234213431,9.88561252238527,0.394970623218511,0.723586181736313
"YALI1_E11943g",0.204952972225523,9.34640056878343,0.397406243483928,0.726061934240604
"YALI1_E25713g",-0.273939734368722,8.14353756056544,0.397907304572907,0.726061934240604
"YALI1_D02041g",-0.329489806845914,8.73621525678436,0.400632370917629,0.729581017416597
"YALI1_E34163g",0.213125629141073,9.29273750077705,0.403188363917747,0.730910595542421
"YALI1_F19478g",-0.461675427323056,7.79947659814879,0.403488430629042,0.730910595542421
"YALI1_F27101g",-0.306561925190431,7.44404159333518,0.403756289677364,0.730910595542421
"YALI1_D14260g",-0.186237156267507,9.9915571398487,0.409590039519942,0.739291285492443
"YALI1_F06858g",0.268331243924652,8.70697192531806,0.409999970556944,0.739291285492443
"YALI1_E07790g",0.435674334481774,6.78811901921651,0.410857699132344,0.739382421228345
"YALI1_F07847g",0.166105604811138,12.2931255119614,0.41167629201826,0.739402908801424
"YALI1_F33681g",-0.173296613015445,9.2531349076581,0.414704056324993,0.743372178141201
"YALI1_D11614g",-0.311646996748558,7.84985872231842,0.415976586975971,0.743372178141201
"YALI1_E16068g",0.44589218352595,9.25260674321148,0.416814900826402,0.743372178141201
"YALI1_C27746g",0.511923519571249,7.68653049691267,0.417533958970326,0.743372178141201
"YALI1_D01431g",-0.218201993226588,8.50477799667249,0.417943964784627,0.743372178141201
"YALI1_B13973g",0.316072429793023,8.33698763483784,0.41941411062749,0.743396949491034
"YALI1_F12422g",0.404680105150578,7.8910220029701,0.419581029352472,0.743396949491034
"YALI1_A17570g",0.208672460141123,9.31484398260301,0.42073856538879,0.74400873725122
"YALI1_F24228g",-0.204587902667139,9.46091298244641,0.42449846127775,0.74690882347653
"YALI1_C17782g",0.270303072469791,7.82361341891223,0.424697884634032,0.74690882347653
"YALI1_F24667g",0.184285804499195,9.10209991022109,0.424824778418419,0.74690882347653
"YALI1_E05929g",0.2057884379106,9.50553685300386,0.426700667844458,0.747736612004013
"YALI1_B12451g",0.279734411161286,7.97070813717704,0.426928218425872,0.747736612004013
"YALI1_E21345g",0.260873659291101,8.05886182954331,0.43040742981413,0.752391613949891
"YALI1_F18105g",-0.154471430532378,10.8975276610526,0.432798268682175,0.75431006081037
"YALI1_F31215g",-0.197593664737454,9.31561815134112,0.433151847146566,0.75431006081037
"YALI1_B14187g",0.277913527630925,9.23222072233281,0.434223982234073,0.754742253750305
"YALI1_C12900g",-0.176224353400585,10.7158240587181,0.436827083480552,0.757828803917019
"YALI1_C06259g",0.31264843640131,8.18056465501956,0.439406232521495,0.76042205837259
"YALI1_F39620g",-0.166285278355253,9.37437890830837,0.440580055321048,0.76042205837259
"YALI1_B25603g",-0.240680034042502,8.17468628674144,0.441192520297721,0.76042205837259
"YALI1_D16290g",0.174100981994068,10.2598691045975,0.441642505517705,0.76042205837259
"YALI1_E31565g",0.43266870485056,9.1643974973366,0.442475123369046,0.760426290818098
"YALI1_D15114g",0.261595840087984,7.86848976067143,0.444760851689445,0.762923108890509
"YALI1_C28706g",0.293247593823781,9.17385632480644,0.446414534287197,0.763232193524784
"YALI1_C19500g",-0.341284359239249,9.33250128349916,0.446607484420616,0.763232193524784
"YALI1_A21265g",0.432719042964066,6.7127684220158,0.449637409276517,0.765627528417021
"YALI1_F06197g",0.156339892387959,10.8105854850422,0.449680797258032,0.765627528417021
"YALI1_B09161g",-0.344365762138045,6.34818659995629,0.455459833665654,0.77402821454126
"YALI1_A03153g",-0.267787564536134,10.0430300042019,0.456434266556526,0.774247755862551
"YALI1_D24770g",-0.327583284779851,6.86724424640809,0.457290275529011,0.774265974832854
"YALI1_A00406g",0.132387022007224,11.3059509483374,0.45957196597868,0.775803986733278
"YALI1_B27874g",0.136965298539192,9.89887049712315,0.46068743135302,0.775803986733278
"YALI1_B07852g",0.282902663852176,8.55933874407768,0.462872912137258,0.775803986733278
"YALI1_E16002g",0.277621272744747,7.43148336119949,0.463708606031579,0.775803986733278
"YALI1_E16359g",-0.201296767658337,10.6714465738121,0.464172651203403,0.775803986733278
"YALI1_E35082g",-0.304733412014056,10.5383141844041,0.464386124291115,0.775803986733278
"YALI1_E05668g",0.198645953829653,9.50454962804696,0.464997387716347,0.775803986733278
"YALI1_F10671g",0.308840990808555,7.51494885655536,0.46513105982108,0.775803986733278
"YALI1_D21167g",-0.34122157888101,7.53839634572211,0.465821171073474,0.775803986733278
"YALI1_E06573g",0.404956810149279,8.35746524653722,0.46971911165987,0.780876054955427
"YALI1_D15424g",0.136868148738192,11.8438995380064,0.47259983999567,0.784241763471076
"YALI1_E39221g",0.194240670351347,9.67944169308561,0.475430768651004,0.78751281027906
"YALI1_E11768g",0.244772633035786,7.66348940272774,0.477052864980874,0.788231945846217
"YALI1_B29133g",-0.219787475761008,8.82117536411996,0.477677778313765,0.788231945846217
"YALI1_F32792g",0.205263192648823,11.5593782548026,0.478446464945957,0.788231945846217
"YALI1_E15606g",0.396539163718943,8.78173334308502,0.481428158426451,0.790516107275191
"YALI1_D28569g",-0.216287165691263,9.89436293339169,0.481558938711306,0.790516107275191
"YALI1_A01061g",-0.286515107183696,7.61007254756169,0.484306724691582,0.792374096165602
"YALI1_A09798g",0.371793714270449,11.48148614624,0.484420844817399,0.792374096165602
"YALI1_F36966g",-0.186837205067895,9.52027782454028,0.485699592202474,0.79304960152846
"YALI1_D32153g",0.355329884394927,10.0189469347204,0.486970276752279,0.793709561396954
"YALI1_E02832g",-0.36034265685284,7.47401678200626,0.488806813606676,0.794255087399083
"YALI1_F34029g",0.25918300317822,8.24663202913811,0.48970983805907,0.794255087399083
"YALI1_C20224g",-0.272103111608472,9.31056614807853,0.490707875362534,0.794255087399083
"YALI1_B08885g",0.202369901477657,10.4414171800061,0.491375260335607,0.794255087399083
"YALI1_C21946g",-0.305004477275808,8.26695827549326,0.491640430737205,0.794255087399083
"YALI1_B19276g",0.160718644466065,8.68327186834118,0.494787307852423,0.797931644353555
"YALI1_E16255g",0.127483058875956,10.339699804033,0.496630686952483,0.799196524471234
"YALI1_E07302g",0.176982395383261,9.03211088311195,0.498333519807315,0.799196524471234
"YALI1_D24361g",0.470876165791212,9.10538417615052,0.498442374037819,0.799196524471234
"YALI1_B01136g",0.200973062809829,9.57692690036797,0.499061585150159,0.799196524471234
"YALI1_E17037g",-0.415624255801342,8.26198853447823,0.500971423839423,0.800854841600194
"YALI1_E28828g",0.45120202708406,8.31703213297346,0.503029849559241,0.802744498599765
"YALI1_B29883g",0.285777439008438,8.14935088462505,0.50545490705242,0.802785231580816
"YALI1_B22598g",-0.236683909888478,8.0332359081624,0.505901532487887,0.802785231580816
"YALI1_E03039g",-0.41107495947417,6.69594792502023,0.506528555566212,0.802785231580816
"YALI1_D16029g",-0.135638441580776,12.4733630746963,0.507009388021526,0.802785231580816
"YALI1_C23948g",-0.123407216920799,9.55601699856596,0.508046020604564,0.802785231580816
"YALI1_B17838g",-0.278855875046198,8.2945323870168,0.508313792922351,0.802785231580816
"YALI1_B00578g",0.342478569326727,7.01269485272521,0.511733973241583,0.80636874545358
"YALI1_B14615g",0.296452257401827,8.13013179885991,0.512343460539283,0.80636874545358
"YALI1_E09395g",0.240229448118661,8.70448018823032,0.516036840554314,0.809922473341917
"YALI1_E40305g",-0.406141518081879,7.46582007430029,0.516369786497466,0.809922473341917
"YALI1_E23691g",-0.180938807821408,8.00491609195873,0.517842304319621,0.810843676507305
"YALI1_E17214g",-0.17669216846694,12.7006587402034,0.519674983107625,0.811973269437519
"YALI1_E17355g",-0.224332505468195,7.89281596766207,0.520336582052209,0.811973269437519
"YALI1_E29586g",-0.279330280237986,6.86569788095113,0.522400135838021,0.812663161322516
"YALI1_F08363g",-0.169573265376024,9.0685627663117,0.522553058972666,0.812663161322516
"YALI1_F27731g",-0.218474351638737,11.6647895551139,0.524216227631537,0.812693458292922
"YALI1_A12437g",-0.354698262154433,6.67139894329335,0.524346980186809,0.812693458292922
"YALI1_E04859g",0.319462438112697,8.67034691545012,0.525767121000034,0.813518045331134
"YALI1_D34739g",-0.33284119826805,6.76976533390068,0.527209378457813,0.814374014616116
"YALI1_E28033g",-0.146399966320249,11.9964195466205,0.52831028010192,0.814700701301951
"YALI1_E16451g",0.23971322639177,8.0199819430895,0.52992726092861,0.815820791614465
"YALI1_E00869g",-0.214741702284424,8.6589405196091,0.531578455143479,0.816590516203631
"YALI1_E14385g",-0.231872263965057,6.98415740468603,0.533056991558445,0.816590516203631
"YALI1_B19844g",0.12670404713666,9.15237014626021,0.533572229862369,0.816590516203631
"YALI1_F23706g",-0.12293714715037,9.81388884484112,0.533993143237964,0.816590516203631
"YALI1_B17927g",0.339676747287638,6.22909879873101,0.537586673306772,0.820206151994489
"YALI1_C07770g",0.175044097248434,9.28028941744859,0.538148359550969,0.820206151994489
"YALI1_D35394g",-0.305685185252611,7.24341920605039,0.541026511545175,0.822028226976748
"YALI1_C28479g",0.228801446674815,11.0054424314429,0.54271272141838,0.822028226976748
"YALI1_A03170g",0.447299934301677,10.1900309953815,0.54350044361526,0.822028226976748
"YALI1_F19249g",-0.172483235935363,11.3710348877265,0.544135075016891,0.822028226976748
"YALI1_D01890g",0.186958317147277,8.52664866359131,0.544321453769751,0.822028226976748
"YALI1_C10271g",-0.336915268450975,6.39296451980323,0.544728311981317,0.822028226976748
"YALI1_E34269g",-0.202435519753279,8.56174078477535,0.545690464152729,0.822125765072203
"YALI1_C22922g",-0.123030919760607,11.6822818512049,0.547486924404139,0.823477869875519
"YALI1_F13505g",-0.223837506237141,8.58907262260625,0.551882227045609,0.827717594236161
"YALI1_F02655g",0.152646540814101,8.39113364530275,0.553428057710007,0.827717594236161
"YALI1_B10449g",-0.241313306370432,7.79842109778271,0.553440769263954,0.827717594236161
"YALI1_E29319g",0.143470364150098,9.06201953779961,0.5539470759468,0.827717594236161
"YALI1_F38629g",0.114246046691762,11.3796236048505,0.554823802250003,0.827717594236161
"YALI1_F14712g",-0.131959400176159,11.0211412781758,0.558039951035091,0.828935771925348
"YALI1_C25029g",-0.257704470759577,7.16327248723147,0.559767536311828,0.828935771925348
"YALI1_C24891g",-0.21704620568239,11.47347109838,0.559863098027731,0.828935771925348
"YALI1_E32033g",0.189652769610633,10.1501985036275,0.559956624647979,0.828935771925348
"YALI1_B30024g",-0.144046785570708,10.5190579922001,0.560165112250863,0.828935771925348
"YALI1_F02794g",-0.293091200401529,5.50933393492537,0.562879327855346,0.831608813412092
"YALI1_D01094g",0.159773163653494,8.97918120931331,0.568823604537376,0.838291755034155
"YALI1_B22853g",-0.126866595517071,9.41646898480261,0.569233047632363,0.838291755034155
"YALI1_A10318g",-0.170287268400373,8.51559716365795,0.571145797343404,0.839758507811489
"YALI1_B10813g",-0.121209997868971,11.6516934763527,0.573582442561467,0.840723193349868
"YALI1_C29141g",0.150054682017983,9.72963437210035,0.573637550047672,0.840723193349868
"YALI1_C18771g",-0.200074934983778,9.47417741699353,0.574705190278396,0.840942419001615
"YALI1_E41148g",0.186639789185042,8.63731185120927,0.577895851941501,0.841083942115208
"YALI1_E03584g",0.133727392852705,10.6446237202308,0.578116603072422,0.841083942115208
"YALI1_D30618g",0.101557287038002,11.5850595225382,0.578712263443796,0.841083942115208
"YALI1_B17008g",0.108823447523294,11.6393235355325,0.578831864613866,0.841083942115208
"YALI1_B16544g",0.119293000921224,9.98268311753337,0.579392977592463,0.841083942115208
"YALI1_D04680g",-0.261098725359035,6.43775581861273,0.580967986297347,0.842035878874003
"YALI1_E09924g",0.266105277185788,8.99956367918585,0.583539712237541,0.844427134928258
"YALI1_F25182g",-0.295858255623486,8.75264329559677,0.589179488833591,0.850015972890528
"YALI1_B04309g",-0.329919223774913,7.23195749289638,0.589257797800748,0.850015972890528
"YALI1_F11930g",-0.11041267567532,10.934343613902,0.591250903000531,0.850324834165137
"YALI1_F03573g",-0.17298240293203,10.5433837615065,0.591570610384603,0.850324834165137
"YALI1_F28485g",0.131388554943152,9.45973275330707,0.592256816809342,0.850324834165137
"YALI1_F27904g",-0.118831075294179,8.8736184747656,0.594252129174214,0.8513249326668
"YALI1_E08351g",0.280432454817738,7.39795505893226,0.595497885174679,0.8513249326668
"YALI1_E05907g",-0.124950038896908,8.8345617685106,0.596108461263247,0.8513249326668
"YALI1_F30459g",-0.098922761655275,10.0839936802221,0.597131576026077,0.8513249326668
"YALI1_A18273g",0.301231925481087,8.34178492236559,0.597600362123092,0.8513249326668
"YALI1_B09025g",0.210186770474922,9.38840584832213,0.598871081564689,0.851810420362198
"YALI1_D00173g",0.120679779467121,9.91804152523581,0.604203721302862,0.858062959245615
"YALI1_A20370g",0.129125810714771,11.2922540211206,0.605381125508937,0.858404196542084
"YALI1_F01291g",-0.193674986521448,8.14880050571737,0.60716671837017,0.859605431262868
"YALI1_F21850g",-0.214720253608867,7.19337366899917,0.608109076942121,0.859610979134233
"YALI1_E03387g",-0.130661338444248,8.49139146615927,0.611139540909017,0.860879338274376
"YALI1_C14787g",0.139057132990489,8.68021929286348,0.612639151310236,0.860879338274376
"YALI1_C08702g",-0.113777829182108,9.79007556125234,0.612731846384732,0.860879338274376
"YALI1_C09773g",0.15116852157106,9.53744366985231,0.613590736450539,0.860879338274376
"YALI1_A07649g",-0.320352321257065,8.04989378876734,0.613705467132279,0.860879338274376
"YALI1_B03198g",-0.125214481048536,11.2914839426363,0.614719353014349,0.860983069359547
"YALI1_D27500g",0.240542751224084,7.42834717426982,0.617504756891329,0.861900544660522
"YALI1_D05633g",-0.147270076079955,9.20327514787311,0.618146425151559,0.861900544660522
"YALI1_E18539g",-0.151773807859005,8.81358836231355,0.618197224718301,0.861900544660522
"YALI1_E39676g",0.17593925640846,9.05238173441199,0.622945843158326,0.867201204153537
"YALI1_A19483g",0.219253290516518,8.57166599779323,0.62620558600899,0.870416262191555
"YALI1_B19290g",-0.159032510933839,10.2446545833419,0.627503999395423,0.870899490070012
"YALI1_A04022g",0.194380576315673,8.60428922184792,0.628890119072509,0.871502797383387
"YALI1_A01824g",0.149499085872241,9.29297942885862,0.630781537326194,0.872803456481561
"YALI1_A13383g",-0.135393475225154,9.17219049004749,0.633527848743425,0.875189507194572
"YALI1_F12013g",-0.105567988623356,11.4533558846589,0.635423537417978,0.875189507194572
"YALI1_F24773g",-0.147124702541133,10.0086864871607,0.636304311656695,0.875189507194572
"YALI1_E31396g",0.125768632341444,10.4690707964931,0.636327742130551,0.875189507194572
"YALI1_A06672g",0.279704621235526,6.43457873051867,0.638450047121991,0.876791968761235
"YALI1_F29604g",0.210881911095238,8.51610615681532,0.641332387777217,0.879431837131633
"YALI1_D33105g",0.246845882648482,7.94494889537535,0.645864230351292,0.882444007562244
"YALI1_F15990g",-0.28801407628993,8.60275806630612,0.647364651101495,0.882444007562244
"YALI1_E35005g",0.162700262579915,8.04134617107727,0.64759777644111,0.882444007562244
"YALI1_C13355g",0.147570174309249,9.87272931840063,0.647722306443987,0.882444007562244
"YALI1_F34521g",-0.14836827146058,8.60305340455884,0.649012104918372,0.882444007562244
"YALI1_E22736g",-0.139524317578628,8.73924752711284,0.649309237005406,0.882444007562244
"YALI1_A18557g",-0.106137102571241,10.8258362183509,0.650296013327442,0.88247577512287
"YALI1_E15555g",0.166217681314006,8.13493080086891,0.652915635005843,0.884720002463539
"YALI1_C12642g",-0.111042251583563,12.7456127924508,0.657098665126637,0.889072935385523
"YALI1_F26873g",-0.105869495223151,9.1094394822199,0.658392911809183,0.889510187636005
"YALI1_B02345g",-0.0953057490873957,9.29792607233441,0.661608779744132,0.890843334495153
"YALI1_A15925g",-0.1022714855294,10.0830626638571,0.662313685567153,0.890843334495153
"YALI1_D07348g",-0.14970325747659,11.3614893438137,0.662452364130358,0.890843334495153
"YALI1_B07444g",0.193638259860963,7.2861794303819,0.663269818914513,0.890843334495153
"YALI1_A02546g",0.240751204733807,6.11214409234164,0.665245960416143,0.891649665330218
"YALI1_E19014g",0.0938415925328688,10.1957169406575,0.66581699900204,0.891649665330218
"YALI1_E07099g",0.213269970005792,8.04493267981258,0.671892750213348,0.898472641161207
"YALI1_C03988g",-0.217333619852777,6.43895829020372,0.675133485468057,0.900694622925536
"YALI1_C19005g",-0.163638694255018,7.37659072625578,0.675520967194152,0.900694622925536
"YALI1_E15659g",0.108305755144526,12.3323310857422,0.67658528229299,0.900802497936597
"YALI1_E26336g",-0.133994410115233,10.9896606554622,0.677920465049086,0.901270168338117
"YALI1_E37392g",0.137139509575445,8.91988410447537,0.679080335378399,0.901503749574803
"YALI1_E15991g",0.113802552722154,9.79221155510234,0.68024932889225,0.901748748574965
"YALI1_F03908g",0.159039153084052,8.98643807332552,0.681645508783968,0.902293765962594
"YALI1_D05474g",-0.125612317388991,8.69726323794933,0.684767284462931,0.905118084513773
"YALI1_B26679g",0.117351420155599,8.7723323214109,0.685929655753596,0.905348075893796
"YALI1_C20597g",-0.167451474682164,7.74661968003422,0.687836492573844,0.906558600284376
"YALI1_F17431g",0.154246352202472,7.82056720147943,0.689467700020089,0.907402892555175
"YALI1_B19932g",-0.0947976837643686,11.4027453357356,0.691429705893393,0.908679498706382
"YALI1_C32276g",-0.12405477048855,8.51071550861706,0.694536495738104,0.911454770911322
"YALI1_E35988g",-0.142976655898115,8.223131651886,0.697966060049355,0.912574131613847
"YALI1_B16068g",0.204390984348882,7.98772598434284,0.698461470900172,0.912574131613847
"YALI1_E38749g",-0.256322906414614,12.4215099198518,0.698969287568742,0.912574131613847
"YALI1_F34051g",0.223141927463709,6.50837733353372,0.700360851671111,0.912574131613847
"YALI1_F21769g",0.0888205495239449,9.31183547453443,0.700782889898676,0.912574131613847
"YALI1_D15734g",0.118074566120988,11.0737126994108,0.701367018183568,0.912574131613847
"YALI1_C04265g",0.166074369685838,7.17869147919879,0.703121218364208,0.913558916342716
"YALI1_C06137g",-0.273268066116944,7.34142354241512,0.704888105446838,0.914557371939523
"YALI1_A03396g",-0.167670078309022,8.27136490431174,0.707275678554496,0.915899694176542
"YALI1_D07451g",-0.153058867613553,8.68194901330787,0.710527625759358,0.915899694176542
"YALI1_B21070g",0.0879407869838034,9.4039592748477,0.712544939825474,0.915899694176542
"YALI1_B15733g",-0.151079756625252,10.7916621455669,0.712660655155801,0.915899694176542
"YALI1_B09592g",-0.108334572274287,8.58889308983462,0.713797187434843,0.915899694176542
"YALI1_D24626g",-0.170968346493636,11.0544935262125,0.714587338991974,0.915899694176542
"YALI1_F37734g",-0.120549142304929,8.62683384941486,0.715171048513227,0.915899694176542
"YALI1_A14345g",0.148120323557649,8.5069599663069,0.720352156603484,0.915899694176542
"YALI1_E31947g",-0.0792392120175583,11.2358852285035,0.720507765856578,0.915899694176542
"YALI1_E23348g",0.14600199917225,7.50419481296671,0.720674557437468,0.915899694176542
"YALI1_D02362g",-0.235030254804014,6.30573898147437,0.721160279696243,0.915899694176542
"YALI1_C30205g",0.213507909048582,7.69414748549572,0.722173681077459,0.915899694176542
"YALI1_C08523g",-0.146373198137244,8.94282474249397,0.723712523304906,0.915899694176542
"YALI1_E38178g",-0.143866745344735,10.79552415733,0.724863205633528,0.915899694176542
"YALI1_C22857g",0.0809049288415896,10.0896844192149,0.727318063639092,0.915899694176542
"YALI1_A00309g",-0.0849303052197063,8.5719954478683,0.728286393063069,0.915899694176542
"YALI1_D10600g",0.066928411834479,12.0191426579582,0.728632643121523,0.915899694176542
"YALI1_F03481g",0.235681646082114,7.67302756846358,0.729663685590326,0.915899694176542
"YALI1_F32305g",-0.0793952834251523,11.8984280965098,0.730372321319097,0.915899694176542
"YALI1_B09266g",-0.0814480976984212,11.4012213337224,0.731373851663192,0.915899694176542
"YALI1_E21097g",0.146862097075358,12.8599924672681,0.731802601247178,0.915899694176542
"YALI1_F16035g",-0.0871622570121313,10.026794037211,0.733243348610331,0.915899694176542
"YALI1_E33570g",-0.0794803945785296,9.53022709835349,0.73376425245238,0.915899694176542
"YALI1_F30754g",0.112817570500903,9.58154495164513,0.735535456776794,0.915899694176542
"YALI1_E17574g",-0.0886008344770172,9.22472301983529,0.735777443056384,0.915899694176542
"YALI1_F32659g",-0.173420295438515,9.3165314063403,0.737828776157307,0.915899694176542
"YALI1_D32209g",0.0767236370187999,10.4799335092727,0.738155495642424,0.915899694176542
"YALI1_F01897g",-0.207481565650113,7.3221830630658,0.738904844103093,0.915899694176542
"YALI1_D13238g",-0.0653924143050676,10.5286842620797,0.739993746069866,0.915899694176542
"YALI1_E23555g",-0.158965874655449,7.58320892984378,0.740010064048697,0.915899694176542
"YALI1_E22303g",-0.17575240591621,7.89647146554736,0.740965074286287,0.915899694176542
"YALI1_B14194g",-0.240189714091277,6.98293900984365,0.742131166936783,0.915899694176542
"YALI1_E25905g",-0.142644009908485,7.01574858605953,0.742530345728651,0.915899694176542
"YALI1_F26967g",-0.0714529503123909,10.5886290124396,0.743175076158765,0.915899694176542
"YALI1_E07121g",0.1455983909695,7.1036538657811,0.743612201167044,0.915899694176542
"YALI1_A03183g",-0.117013693372704,7.62916938964378,0.743728343773313,0.915899694176542
"YALI1_B27320g",-0.069391158885718,10.8171003604939,0.744175090339634,0.915899694176542
"YALI1_C09308g",0.117021496436019,8.88190048068732,0.744961583578377,0.915899694176542
"YALI1_E16649g",-0.0897730313304984,11.1695096945742,0.745180757595425,0.915899694176542
"YALI1_E40718g",-0.171824637537791,7.37155144624364,0.746534518395623,0.915899694176542
"YALI1_D09420g",-0.167518652589393,8.61066935964976,0.746918200381962,0.915899694176542
"YALI1_B19668g",0.166346044212927,8.75595073938313,0.750910101306162,0.91836327795298
"YALI1_F09230g",-0.119951144820187,9.77496466751868,0.751493511893065,0.91836327795298
"YALI1_F19090g",0.0676135280180081,10.8482395542662,0.751934998323947,0.91836327795298
"YALI1_C06511g",-0.0980787465290825,10.2717471141286,0.758455238536671,0.925093207056712
"YALI1_C09467g",-0.15424307837207,7.01418818798134,0.760355610795754,0.92617784506504
"YALI1_E37886g",0.0703360204780028,10.5944007079436,0.766613573616502,0.932560469366156
"YALI1_C16150g",0.160101995726322,7.40074060354768,0.768053099160902,0.933072465293616
"YALI1_E39295g",-0.0904076770503323,9.04090003944916,0.770496167177047,0.933529459297594
"YALI1_C29648g",-0.119231921939802,8.21564129830382,0.772952221922019,0.933529459297594
"YALI1_D07089g",-0.0635708008772932,9.61561036820205,0.773469794801044,0.933529459297594
"YALI1_B19079g",0.0541832911740606,11.3672696646266,0.77423095452676,0.933529459297594
"YALI1_B04138g",0.0934720723673113,10.9247349856248,0.774323501819103,0.933529459297594
"YALI1_F09289g",0.132711707402297,7.56363530166268,0.775160747722603,0.933529459297594
"YALI1_F27175g",0.071442768141933,10.7575256626966,0.775563229831298,0.933529459297594
"YALI1_C04882g",-0.0822388548327585,8.21007668491825,0.77926268297282,0.936520695831668
"YALI1_A21775g",-0.0671554143561565,10.5389821232485,0.780401241265598,0.936520695831668
"YALI1_E00928g",0.0843049881697298,10.8507389262504,0.785875182245113,0.936520695831668
"YALI1_D23653g",0.0685988487084027,10.3707153370573,0.786406375604131,0.936520695831668
"YALI1_F13170g",-0.134791283173867,7.89359304271244,0.786757381020479,0.936520695831668
"YALI1_B24502g",0.104412926295568,7.58985512082208,0.78763820472837,0.936520695831668
"YALI1_E00533g",0.115833036820466,7.87199989372189,0.788005280531491,0.936520695831668
"YALI1_E36758g",-0.103527433901204,7.71018581813625,0.788693300957805,0.936520695831668
"YALI1_A11258g",-0.0788284248369156,8.76338502936693,0.789084539426271,0.936520695831668
"YALI1_A06958g",0.145890954585769,7.89362101750755,0.791316123473655,0.936520695831668
"YALI1_D19252g",0.0607440592705845,10.7539556962546,0.791404653362101,0.936520695831668
"YALI1_A22454g",0.0662113502318426,10.8400436239507,0.79157177306505,0.936520695831668
"YALI1_D30866g",-0.141731361438192,7.63081223161835,0.79223456105,0.936520695831668
"YALI1_F15692g",0.100538457072543,7.55182614694686,0.793318228766516,0.936520695831668
"YALI1_E31897g",-0.0958340569745973,7.77025330143273,0.793775232445262,0.936520695831668
"YALI1_D26360g",-0.0543001552267257,11.0917434192289,0.795236967748948,0.936520695831668
"YALI1_D21702g",-0.18217228619392,5.92714110281189,0.796470988698886,0.936520695831668
"YALI1_A20408g",-0.0484794644752275,10.1057723991959,0.796643308953791,0.936520695831668
"YALI1_C09380g",-0.0807642264259666,8.83659286319117,0.79747395496583,0.936520695831668
"YALI1_B04321g",0.0957353055274296,7.16226207045225,0.79936946629292,0.936582691031748
"YALI1_E03067g",-0.15017670924975,6.29631653477765,0.800345893211702,0.936582691031748
"YALI1_E31772g",-0.119775839185472,11.1629695216854,0.800594156198535,0.936582691031748
"YALI1_D14104g",0.162117255840754,10.154476243138,0.804803438373292,0.939820556228028
"YALI1_E08382g",0.0952119545135617,9.93242406451543,0.807225256909872,0.939820556228028
"YALI1_D29419g",-0.104763829582544,8.09438097677163,0.807600589258903,0.939820556228028
"YALI1_A20602g",-0.0961236845863968,9.07307305488491,0.808510441190663,0.939820556228028
"YALI1_E37455g",-0.118693451493676,8.73721478595487,0.809427923174446,0.939820556228028
"YALI1_C27579g",-0.102902156137941,8.35215842750744,0.809517924523924,0.939820556228028
"YALI1_D07379g",-0.0611189751592697,12.1682739553079,0.812206403388373,0.939895670459279
"YALI1_B05364g",-0.0506892600138943,12.5997167820568,0.812395975340349,0.939895670459279
"YALI1_C07239g",-0.0867852813549793,8.45717672632685,0.812660885375271,0.939895670459279
"YALI1_B13948g",0.0440276017942486,10.0783849120725,0.81706855567921,0.943801761667284
"YALI1_C00739g",0.0418968873745973,10.432377965224,0.818135208333019,0.943843640847665
"YALI1_F33345g",-0.0446262293440164,10.6022613276932,0.82173224277942,0.943980671926046
"YALI1_B11934g",0.0724770646936979,11.0888627643636,0.822076804304842,0.943980671926046
"YALI1_F38986g",0.154138365984748,6.10784908935923,0.822549869852818,0.943980671926046
"YALI1_E40540g",-0.0992879274879011,8.30365015530352,0.8227099189703,0.943980671926046
"NADH dehydrogenase subunit 5 (mitochondrion)",-0.0997461413403749,8.2631060766147,0.82340672147261,0.943980671926046
"YALI1_F34429g",-0.0565631971708101,9.82037619259541,0.827477263200844,0.947461466364966
"YALI1_C10555g",0.0402057756013636,11.481148358386,0.82899774254152,0.948017393468205
"YALI1_F27686g",-0.0673170682208122,9.63998815278423,0.830162056713011,0.948165142081195
"YALI1_D20329g",-0.0538063741600514,9.30883001245343,0.832312169196505,0.948277401423179
"YALI1_E38593g",-0.0761077270744929,8.61794295631202,0.832573239709444,0.948277401423179
"YALI1_F11787g",-0.0832420628832538,10.9925877187347,0.834391659904651,0.948277401423179
"YALI1_D20676g",-0.0458246987846233,12.8642055731938,0.834401294265374,0.948277401423179
"YALI1_F36233g",-0.0942551837027606,7.28116444608265,0.837750380577694,0.948581135841193
"YALI1_D11984g",0.0413751257452279,11.8923583130822,0.838385212574575,0.948581135841193
"YALI1_F38882g",-0.0693901821943439,8.98705511646068,0.838837854096983,0.948581135841193
"YALI1_F00654g",0.0439960934237472,12.8367330566655,0.840930952493109,0.948581135841193
"YALI1_C14369g",-0.0582009634045566,9.50160047202622,0.841715849792781,0.948581135841193
"YALI1_D07665g",-0.098630269774635,8.4012108430282,0.841758318672728,0.948581135841193
"YALI1_C24367g",0.0504427202787356,9.72651985354275,0.841917536505339,0.948581135841193
"YALI1_C09200g",-0.0806567565298022,8.59478285786606,0.843690035788228,0.949410408823116
"YALI1_F08431g",0.0371864399261368,11.9603946210741,0.846784408380227,0.950610895488748
"YALI1_C09094g",-0.040881169991793,11.5826554740907,0.847855583985824,0.950610895488748
"YALI1_F32090g",-0.0453809373714421,12.2119260121111,0.847870198268894,0.950610895488748
"YALI1_F38116g",-0.0623175437496531,9.36389254354811,0.849892892885604,0.951713801813219
"YALI1_B11532g",0.0477049278920187,10.7162822259175,0.852739382874521,0.953735378160025
"YALI1_C32975g",0.103231331288887,7.9716512343679,0.85464405871555,0.953773685676065
"YALI1_D11063g",-0.131122770291804,8.60806457669409,0.854856109104858,0.953773685676065
"YALI1_A03422g",-0.108127627618172,7.12077907190677,0.857061301106487,0.954258383300159
"YALI1_C32921g",0.0770936800446163,7.65230702875651,0.857374071458549,0.954258383300159
"YALI1_E20192g",-0.0602905961309427,9.8612267056297,0.861751521152167,0.957966496814787
"YALI1_F08635g",-0.0368495458886097,11.192242362748,0.863718165293283,0.958988896252905
"YALI1_E34344g",0.0467069866824495,11.1766863485045,0.866467995358897,0.960877341100181
"YALI1_B27485g",-0.040218269021843,11.3045103845521,0.873321189179667,0.966311861239263
"YALI1_F04433g",0.0368580705632751,12.3889218947418,0.87347840732108,0.966311861239263
"YALI1_D30161g",-0.0930308984213715,7.26975179986461,0.876928195232458,0.968958054080738
"YALI1_D17108g",0.0352590765004622,12.0038910214019,0.890332075779794,0.980502169117774
"YALI1_A10827g",0.037096968394173,12.2545387762661,0.890465506589857,0.980502169117774
"YALI1_C28513g",-0.0284667234916368,11.1927085536974,0.89101819588072,0.980502169117774
"YALI1_F06076g",-0.0830982865766827,6.91530169894826,0.892494536353619,0.980502169117774
"YALI1_A00102g",0.031603741938065,11.6939579761854,0.89272795747186,0.980502169117774
"YALI1_E15144g",0.0793255728608279,7.43158784206649,0.895515506376274,0.98220144989622
"YALI1_C29052g",-0.0690194566070309,7.48552746297121,0.896419663879083,0.98220144989622
"YALI1_F15186g",0.0426787153535166,8.75830388763321,0.897914846725288,0.982664276702944
"YALI1_E04033g",-0.0573924167055941,9.56364294359414,0.899609581167131,0.983344124521589
"YALI1_F21583g",0.053440540968804,7.76665453889415,0.903067050134323,0.984889819488832
"YALI1_D33504g",-0.071196090011393,8.31045290892786,0.903410774053966,0.984889819488832
"YALI1_D17030g",0.033582705570921,11.8722897155007,0.904249277500117,0.984889819488832
"YALI1_B17695g",-0.0829505664272341,6.64117405073511,0.909793749306418,0.9894027807976
"YALI1_B26790g",0.0393632625052556,9.30260078412619,0.911836034695754,0.9894027807976
"YALI1_F12917g",-0.0249949559624361,10.3608292461168,0.912710005760415,0.9894027807976
"YALI1_D30256g",-0.0398712791393789,9.74561512904561,0.914835749445626,0.9894027807976
"YALI1_E39924g",-0.0460460953514394,8.5797396556637,0.91567016796678,0.9894027807976
"YALI1_F25485g",-0.0465518985386076,7.88791329334212,0.91626686399508,0.9894027807976
"YALI1_A02833g",0.0404026159756562,8.45480326844418,0.917050291243271,0.9894027807976
"YALI1_E25424g",0.0455339033106175,9.42474276841068,0.920375108355638,0.9894027807976
"YALI1_F20712g",0.04245374949943,8.82855602674905,0.921092483155895,0.9894027807976
"YALI1_D32002g",0.0298299027092865,9.40372967897042,0.922112048691381,0.9894027807976
"YALI1_E17100g",0.0201762602969384,9.91394422252791,0.924047404520085,0.9894027807976
"YALI1_D16249g",0.0246530786825277,10.5255582526614,0.924531769919421,0.9894027807976
"YALI1_F22993g",-0.0507334596320636,11.482578494076,0.924964262350443,0.9894027807976
"YALI1_E00527g",-0.0352344071979511,8.61763440219707,0.925927054103276,0.9894027807976
"YALI1_B05024g",-0.0370105009031433,9.21091966433966,0.926243672171682,0.9894027807976
"YALI1_C23707g",-0.0970721654492824,5.88495649900151,0.927233816331276,0.9894027807976
"YALI1_F37354g",0.0302553531984631,9.12678656203819,0.927757946389358,0.9894027807976
"YALI1_C24707g",0.0185171466123026,11.8807764972851,0.927835140507793,0.9894027807976
"YALI1_A09593g",-0.0637767939659835,7.77879563296672,0.929178262848728,0.989682893917947
"YALI1_A00325g",-0.0468998318097789,8.15252925971607,0.930962276539524,0.990087535215688
"YALI1_E32332g",0.0183592182021517,10.3964950799506,0.931719929427863,0.990087535215688
"YALI1_A05116g",-0.0328828365058839,7.92842881605305,0.935227886672891,0.992663666503324
"YALI1_C09072g",-0.0312564425337126,8.42528150017474,0.938356983096673,0.994832171894158
"YALI1_E35815g",-0.0249536385791609,9.35216610286456,0.9407241798728,0.996188842501138
"YALI1_E02906g",0.0220093962105933,11.6180367220921,0.943826801722018,0.998320266024675
"YALI1_E06406g",-0.0273179526139482,9.24644612479935,0.946409487763164,0.999167990305735
"YALI1_A07290g",-0.0275491402757947,8.5904624884156,0.947797344384473,0.999167990305735
"YALI1_E11255g",0.0159200660839542,9.75409726993144,0.947900637091358,0.999167990305735
"YALI1_D05440g",-0.0252312260444434,8.78499786992168,0.950822460904729,1
"YALI1_F06018g",0.0233337963264551,8.37613921466004,0.951601932207104,1
"YALI1_C23075g",-0.0186226318609411,9.41818319540002,0.957453188960807,1
"YALI1_E27161g",0.0253506473943971,9.09093463164445,0.960280185573613,1
"YALI1_F03765g",0.0220589019958688,7.87947346286222,0.960587699139798,1
"YALI1_C00293g",-0.0178073267477299,9.47298767278917,0.961270189183062,1
"YALI1_E16202g",-0.0105663061689176,10.4391262812317,0.962072998884454,1
"YALI1_B29108g",0.0199535259910606,7.16406287411047,0.962387234237964,1
"YALI1_A09766g",0.0105106209886751,9.92365102586573,0.964187061119167,1
"YALI1_A16642g",-0.0432622568487481,6.73895049087802,0.96435801314506,1
"YALI1_D21076g",0.0161510123966701,9.03928018562196,0.965134733998001,1
"YALI1_F37559g",-0.0126728559312223,8.77405090102404,0.965357196914472,1
"YALI1_E37026g",-0.0242163886466119,7.14010647748187,0.966330837546474,1
"YALI1_A17177g",0.0165652593558135,8.78331467890779,0.96773022497814,1
"YALI1_B07271g",-0.0310362334553656,6.8206992554759,0.969908299681192,1
"YALI1_F16984g",-0.0299353474181922,7.36502886858911,0.970088042563578,1
"YALI1_B14382g",0.0159061506725624,9.3646257973707,0.97039895593985,1
"YALI1_E27697g",0.061391317703423,6.67377930446062,0.970589966615659,1
"YALI1_E32816g",0.0160720302307818,8.99498285312861,0.972144424829323,1
"YALI1_D14058g",-0.0113971117592864,8.97950630685312,0.972280431090429,1
"YALI1_E25866g",-0.0381134506733276,7.51437194852274,0.973073960841828,1
"YALI1_A09372g",0.0396288280851655,6.96422857490442,0.974018358687401,1
"YALI1_B18955g",0.0293400330126396,7.70286693182907,0.976012907774917,1
"YALI1_F29876g",-0.0291638276477829,7.33079453987084,0.97793636381835,1
"YALI1_D27826g",-0.0109687849890157,10.141379946772,0.979930216275958,1
"YALI1_B14044g",-0.00648871561974321,10.0845449863873,0.980808262393254,1
"YALI1_D10424g",-0.00552248931681075,10.0857244536079,0.98398462536639,1
"YALI1_D09504g",0.0130022893294305,8.72230987289633,0.986986095163919,1
"YALI1_A03322g",0.00755241003383463,9.46741312196133,0.991257573725756,1
"YALI1_F12874g",0.00388237578739711,12.3534965556449,0.991769454993062,1
"YALI1_C24660g",0.00279624156959334,11.2936831828034,0.996756705961786,1
"YALI1_A09694g",0.00880306889012269,7.2876691221484,0.999999999999999,1
"YALI1_C18258g",0.00140772971080276,9.51922170538344,1,1
"YALI1_E31685g",-0.00954392665928866,8.02952816313674,1,1
"YALI1_D06638g",0.0262387155902099,6.4305554825392,1,1
"YALI1_F37775g",-0.0214162224100239,6.09218009296941,1,1
"YALI1_F13339g",-0.0157886976773895,5.97380745451899,1,1
"YALI1_E19603g",0.00498931787461,8.48950170944533,1,1
"YALI1_E26930g",-0.00439508591490469,8.39513460580858,1,1
"YALI1_E17935g",-0.00322958335690595,9.35861428878662,1,1
"YALI1_F04895g",-0.00282377631154109,7.61486539903895,1,1
"YALI1_F04455g",-0.00265270102417257,9.89458747241664,1,1
"YALI1_B01084g",-0.00198629230762365,6.91030763537481,1,1
"YALI1_E00510g",0.00189624304629941,6.40072053703912,1,1
"YALI1_D13298g",-0.000531349964755795,10.2311880450786,1,1
"YALI1_C08017g",-0.000480932109507965,10.4702195644144,1,1
"YALI1_F24130g",-6.54394987539701e-05,8.39153114470058,1,1
