protein,Gene
P20051,YLR420W
P14126,YOR063W
P28519,YMR201C
P48567,YNL292W
P11154,YGL062W
P0CX86,YDL184C
P31244,YBR114W
Q04231,YML011C
Q06665,YDR314C
Q99359,YDR014W
P25454,YER095W
P10862,YCR066W
P12753,YNL250W
P32849,YLR032W
P06778,YML032C
P25301,YDR004W
P10622,YDL130W
P32864,YOR370C
P25332,YCR036W
P53721,YNR018W
Q03446,YDR003W
P38086,YBR073W
P21651,YJR021C
P19541,YPL133C
P14291,YLR263W
Q12021,YDR030C
P14736,YER162C
P39729,YAL036C
P21827,YGL097W
P42073,YDR195W
P12689,YOR346W
P30775,YGL143C
P06839,YER171W
P02400,YDR382W
Q12495,YPR018W
Q00816,YDR028C
Q06709,YLR387C
P03872,R0040C
Q08237,YOL080C
P26754,YNL312W
P26755,YJL173C
Q08003,YLR073C
P36517,YLR439W
P22353,YJL063C
P31334,YGR220C
P53875,YNL185C
P53881,YNL177C
P14063,YKL138C
P32387,YDR405W
P19956,YMR225C
P32388,YKL167C
P0CX87,YDL133C-A
P0CX28,YHR141C
P28272,YKL216W
P13298,YML106W
P06779,YJR052W
Q04418,YDR527W
Q12270,YPL246C
Q04779,YMR075W
Q03713,YML030W
Q12305,YOR285W
P21538,YBR049C
Q06835,YPR094W
A0A0B7P221,YCL054W-A
P25560,YCL001W
P38630,YOR217W
P40348,YJR068W
P38234,YBR052C
P38206,YBL020W
Q12192,YOR279C
Q9ZZX9,Q0010
Q9ZZX8,Q0017
Q9ZZX7,Q0032
Q35811,Q0092
Q9ZZW4,Q0142
Q9ZZV8,Q0297
P00128,YDR529C
P40475,YIL120W
Q12044,YOR220W
Q08904,YOR380W
P40893,YJL217W
P38232,YBR050C
P38344,YBR267W
P53331,YGR276C
Q00453,YMR182C
P40043,YER067W
Q12300,YDL138W
P36516,YMR024W
P32904,YHR147C
P36519,YDR237W
Q02204,YKR006C
P38064,YBL038W
P22354,YKR085C
P06781,YNL090W
P01119,YOR101W
Q08760,YOR301W
P03871,R0020C
P38927,YIL139C
P35196,YBR002C
P38629,YNL290W
P40339,YOL094C
P38251,YBR087W
P48743,YLR176C
P16664,YDR137W
Q00245,YIL118W
P32445,YCR028C-A
Q05672,YDL189W
Q03530,YMR274C
P38212,YBR005W
Q08742,YOR286W
P25611,YCR106W
P40188,YIL057C
Q99188,YOR107W
Q99258,YDR487C
P33312,YBR153W
P38127,YBR192W
Q08273,YOL133W
P53972,YNL022C
P38622,YGL158W
P39531,YJL204C
Q12090,YLR107W
P39083,YOR127W
P32862,YKL038W
Q12362,YOL066C
P36520,YNL284C
P36523,YLR312W-A
P36528,YNL252C
Q06624,YPR180W
Q12487,YOR150W
P25378,YCR027C
P36525,YMR193W
P23369,YGR076C
P36526,YBR282W
P36527,YDR462W
P36534,YPL173W
P06780,YPR165W
Q03778,YDR236C
P40395,YLR039C
Q12196,YOR119C
P21672,YIL066C
Q12672,YPL079W
P0CX41,YBL087C
P39677,YJL102W
P14120,YGL030W
P0C2H8,YDL075W
P22336,YAR007C
Q06108,YPR115W
P38339,YBR260C
P43556,YFL047W
Q06407,YDR379W
Q04599,YDR116C
P38883,YHR197W
Q12504,YDR257C
Q12367,YLR137W
P0CX42,YER117W
P04650,YJL189W
P05739,YLR448W
P05738,YGL147C
P51401,YNL067W
P0CX23,YMR242C
Q05468,YDR333C
P0C2H7,YDR471W
P05743,YLR344W
P0CX46,YIL018W
Q08961,YPL208W
P26784,YIL133C
P02406,YGL103W
P51534,YOR035C
Q12212,YOR137C
Q12216,YOR156C
Q08457,YOR060C
P54867,YOR008C
P38705,YHR011W
P38989,YFR031C
P38778,YHR050W
P38128,YBR182C
Q04174,YOR149C
Q12306,YDR510W
P46950,YGR197C
P53823,YNL334C
P43544,YFL060C
Q06091,YPR101W
P22082,YOR290C
P14359,YJL151C
Q07549,YDL123W
P32568,YDR011W
P39990,YEL026W
Q03782,YDR240C
P53127,YGL131C
Q08826,YOR357C
P53315,YGR248W
Q04477,YMR117C
P36126,YKR031C
Q04359,YMR017W
P40511,YIL073C
Q3E752,YPR036W-A
Q01684,YER115C
P32558,YGL207W
Q12153,YDR312W
P39926,YMR183C
Q03770,YDR160W
Q06010,YLR389C
P06783,YKL178C
P38960,YDR082W
Q00947,YDR463W
P25604,YCL008C
P54000,YMR039C
P38198,YBL034C
P46675,YLR045C
P33757,YBR250W
Q06134,YLR341W
Q04921,YDR218C
P23255,YCR042C
P35177,YBR081C
Q03707,YML034W
P38688,YPL210C
P32867,YPL232W
P38871,YHR184W
P40468,YIL129C
P50104,YMR019W
P39015,YLR150W
P39932,YDR536W
P37296,YMR054W
Q04398,YDR504C
Q03868,YDR104C
P40031,YER046W
P06843,YER161C
P25380,YCL048W
P25648,YCR081W
P53866,YNL224C
P50875,YOL148C
Q07084,YLR006C
P38789,YHR066W
P53072,YGL232W
P47154,YJR117W
P01098,YDL130W-A
P16965,YGR008C
P15705,YOR027W
P32597,YIL126W
P38704,YHR006W
P38637,YIR011C
P39007,YGL022W
P23201,YLL021W
P38863,YHR172W
P23179,YHL022C
P11747,YML098W
P32342,YKL122C
P20424,YPR088C
Q08646,YOR242C
P38931,YDR443C
P47002,YJL156C
P38788,YHR064C
P42845,YNL309W
P46679,YMR053C
P25344,YCL032W
P32583,YKR092C
Q12038,YPR032W
P36077,YKL086W
P11484,YDL229W
P25390,YCR073C
P53599,YNR031C
P10080,YHL034C
P38353,YBR283C
P53101,YGL184C
P32579,YGL169W
P31377,YAL014C
Q06524,YPR151C
P38359,YBR294W
Q12325,YLR092W
P38123,YBR175W
P32580,YPL029W
P38634,YLR079W
P13188,YOR168W
Q3E784,YER180C-A
Q12034,YDR515W
P47037,YJL074C
P32908,YFL008W
P38956,YDR073W
P56508,YDR525W-A
Q12368,YDL098C
Q08817,YOR353C
P40317,YDR006C
P00447,YHR008C
P04801,YIL078W
P42933,YMR191W
P17123,YHR152W
P35189,YPL129W
P50088,YGR236C
P40092,YER150W
Q06160,YLR313C
P23624,YHR014W
P08459,YDR522C
Q12455,YLR146C
P27692,YML010W
P53538,YNL222W
P41930,YPL092W
Q02794,YOR047C
Q05937,YLR375W
Q07351,YDL048C
P39706,YAR003W
P36150,YKR069W
P31376,YAL011W
P37297,YLR305C
P38326,YBR231C
P43554,YFL049W
P04802,YLL018C
Q03497,YHL007C
P32584,YDR410C
P38699,YHR178W
P36085,YKL072W
P12866,YKL209C
Q12254,YPL163C
Q6WNK7,YBR111W-A
P54003,YML052W
P53852,YNL247W
Q9ZZW3,Q0143
Q9ZZW2,Q0144
Q9ZZW1,Q0182
P37299,YHR001W-A
P08525,YJL166W
P0CX25,YPR043W
P22216,YPL153C
P38953,YDR076W
Q12223,YDL059C
Q06891,R0030W
P01120,YNL098C
P06777,YPL022W
P32628,YEL037C
P32641,YER173W
P47104,YJR033C
Q03956,YDR202C
Q12465,YLR084C
P22289,YGR183C
P07256,YBL045C
P40352,YJR035W
P07276,YGR258C
P53037,YGR170W
Q07800,YLL010C
P43606,YFR029W
P04161,YDR408C
P0CX27,YNL162W
P03962,YEL021W
P30402,YMR271C
P07257,YPR191W
P00127,YFR033C
P40474,YIL121W
P38227,YBR043C
P38230,YBR046C
P43122,YDL104C
P30620,YMR137C
P25044,YDL230W
P32857,YKL039W
Q04373,YDR496C
P0CX84,YDL191W
P40359,YJL072C
P27616,YAR015W
Q12488,YDR013W
P40555,YIL007C
P22141,YER012W
Q12161,YOL054W
Q12335,YDR032C
P47065,YJL023C
P32522,YLR067C
Q12318,YLR376C
P08468,YMR257C
P36002,YKL198C
Q12369,YLL003W
Q06132,YLR336C
P38272,YBR130C
P21691,YKR101W
P33338,YNL243W
P34252,YKL108W
Q03148,YMR096W
Q06836,YPR095C
P53438,YMR016C
P50278,YNR034W
P38858,YHR163W
P53148,YGL093W
P36094,YKL042W
P40014,YER018C
O94742,YDR363W-A
P16658,YLR105C
P33330,YOR184W
P25554,YCL010C
P40210,YMR140W
P53327,YGR271W
Q00772,YHR030C
P53207,YGR013W
Q06411,YLR424W
P25808,YFL002C
P39723,YAL047C
P25582,YCL054W
Q03954,YDR201W
Q12074,YPR069C
P39707,YAR008W
Q12507,YOR315W
Q03067,YPL047W
Q03656,YMR216C
P36169,YKR100C
P32900,YHR149C
P39980,YEL065W
P07284,YDR023W
P18888,YHL025W
P39929,YLR025W
P53628,YNR023W
Q03144,YMR095C
P53824,YNL333W
P33419,YPL124W
Q07534,YDL119C
P14693,YHR083W
P39955,YER047C
P40090,YER147C
P34758,YOR329C
P32915,YLR378C
P35179,YDR086C
P38072,YBR024W
Q03323,YDR469W
P40479,YIL113W
P53078,YGL224C
P11075,YDR170C
P32855,YPR055W
P89102,YDR166C
P48526,YPL040C
Q08446,YOR057W
Q12118,YOR007C
Q06315,YLR187W
Q12469,YOL113W
P53965,YNL032W
Q02100,YNL167C
P40485,YIL105C
Q03406,YDR489W
Q08204,YOL034W
Q06217,YLR275W
Q04964,YML058W
P32364,YKL079W
P31109,YAL030W
P33328,YOR327C
Q04007,YDR186C
Q12483,YPL002C
P36048,YKL173W
Q04902,YMR322C
Q04053,YDR425W
Q02774,YDL212W
P39000,YER096W
P46954,YJL089W
P06700,YDL042C
Q02775,YDR088C
Q02651,YPL027W
P53251,YGR081C
Q08581,YOR195W
Q12267,YLR086W
Q12749,YLR383W
Q12078,YLR034C
P32909,YBR172C
P48232,YNL086W
Q12420,YOR308C
P25357,YCR033W
P38337,YBR258C
P38751,YHL006C
P34164,YGL208W
P22579,YOL004W
P38343,YBR266C
P22213,YDR189W
P22215,YOR307C
Q04658,YML066C
P43321,YLR147C
P41808,YPR054W
P32566,YGR229C
P38925,YOL122C
Q02608,YPL013C
P40962,YOR077W
P53064,YGL244W
Q12330,YOR159C
P54999,YPR182W
P17121,YDR389W
P38352,YBR280C
P15625,YFL022C
Q08985,YPL273W
P11655,YNR026C
P24280,YMR079W
P40482,YIL109C
P17065,YNL272C
P14906,YOR254C
P29478,YML105C
P38166,YBL102W
P33335,YPR198W
P53165,YGL066W
P36136,YKR043C
P38957,YDR078C
P34226,YBL061C
P52286,YDR328C
P35735,YKL051W
Q05567,YDR294C
P40073,YER118C
P33336,YGR143W
P35207,YLR398C
P32578,YDR422C
Q04195,YDR409W
P38283,YBR156C
P42900,YLR139C
P38241,YBR065C
P38324,YBR228W
P40167,YNL196C
P32828,YDL013W
P40072,YER116C
Q02260,YGR074W
P43589,YFR005C
P45978,YPR129W
P53313,YGR245C
Q04401,YDR511W
Q00711,YKL148C
P15367,YIR022W
P15303,YPR181C
P33754,YBR171W
P03878,Q0065
P40541,YIL026C
Q12334,YDL139C
P32564,YGR049W
P08425,YPR047W
P53012,YGL126W
Q3E785,YDR379C-A
P33421,YKL141W
P49955,YMR288W
Q08490,YOR073W
P35187,YMR190C
P39954,YER043C
Q08986,YPL274W
Q12158,YDL003W
P25303,YMR214W
P40528,YIL047C
P40075,YER120W
P53009,YGL083W
P30619,YDR164C
P28791,YDR498C
P22214,YLR268W
P48415,YPL085W
P32602,YBL050W
P18759,YBR080C
P38968,YDL195W
P40357,YGR009C
Q04279,YMR086W
Q01589,YDR077W
Q02825,YPL083C
P40054,YER081W
P40510,YIL074C
Q00416,YLR430W
P39709,YAL067C
P46995,YJL168C
P38890,YHR207C
P32432,YLR403W
Q12314,YOR021C
P43682,YKL006C-A
P03882,Q0160
P38345,YBR269C
Q07953,YLR022C
Q04491,YLR208W
P22224,YGL233W
P39742,YLR292C
P25365,YCR067C
P53011,YGL100W
P20840,YJR004C
P50110,YMR060C
Q12136,YDL153C
P40963,YMR127C
P38814,YHR103W
P28707,YKL117W
P03877,Q0060
P11792,YHR205W
P38164,YBL104C
P38804,YHR087W
P47052,YJL045W
Q12745,YLR440C
P07560,YFL005W
Q12464,YPL235W
P40204,YFL017W-A
P53969,YNL026W
P06105,YJL080C
P52870,YER087C-B
Q03940,YDR190C
P22470,YDR143C
P39735,YAL027W
P53324,YGR263C
P36056,YKL155C
P38165,YBL103C
P32368,YKL212W
P38990,YER129W
Q99314,YOR213C
Q9ZZX1,Q0070
Q6Q595,YBL091C-A
P53334,YGR279C
Q08230,YOL071W
P21801,YLL041C
Q06245,YLR166C
Q04951,YMR305C
P21825,YPL094C
P07263,YPR033C
P34228,YBL066C
P34250,YKL105C
Q06058,YLR404W
P38810,YHR098C
P36124,YKR029C
P42948,YJL105W
Q12529,YPL165C
P53172,YGL056C
P40505,YIL084C
P33332,YER008C
P20048,YMR013C
Q01590,YLR026C
P53953,YNL049C
P33303,YJR095W
P40363,YJL068C
Q06168,YLR321C
Q04487,YMR118C
Q99287,YOR165W
P38889,YHR206W
P42843,YNL311C
P53135,YGL113W
P47057,YJL036W
P37262,YCR073W-A
Q05676,YEL059C-A
P39543,YJL192C
Q04969,YML055W
Q12133,YLR066W
Q02521,YOR148C
P32573,YNL202W
P06844,YDR392W
P35210,YKL020C
P23615,YGR116W
Q12020,YLR082C
P36057,YKL154W
P38163,YBL106C
P25567,YCL037C
Q03175,YMR101C
P39073,YPL042C
P32343,YKL124W
P11972,YLR452C
P23561,YLR362W
Q12427,YDR169C
P13574,YHR084W
P33894,YOR219C
D6VTK4,YFL026W
P32917,YDR103W
P36024,YKR072C
P32790,YBL007C
Q02793,YGL213C
P53955,YNL047C
P18480,YBR289W
P06782,YDR477W
P10870,YDL194W
P40548,YIL016W
P43545,YFL059W
P00445,YJR104C
P32380,YDR356W
P38839,YHR136C
P09937,YOR313C
P35208,YJL127C
P46677,YGR274C
Q12516,YDL133W
P17122,YHR153C
P45819,YGL170C
P18410,YAL009W
Q03012,YPL138C
P38904,YDR464W
P32603,YOR190W
Q08673,YOR247W
Q03085,YPL033C
Q06688,YLR412W
P25638,YCR060W
P32916,YDR292C
P13130,YHR139C
Q04673,YLR005W
P47821,YNL025C
P46965,YJR010C-A
Q04438,YMR107W
P53541,YNL012W
Q07798,YLL005C
P35209,YMR179W
P32914,YGR063C
P15019,YLR354C
P12954,YJL092W
P39931,YLR250W
P24276,YDR293C
P40150,YNL209W
P53304,YGR212W
P39928,YIL147C
Q04748,YMR066W
P38282,YBR152W
P53540,YNL126W
Q03029,YPL130W
P32572,YNL204C
P38915,YLR055C
P38985,YDL092W
P09007,YCR018C
P36167,YKR091W
Q99176,YLR119W
P13856,YGR152C
P10663,YPR166C
P47150,YJR113C
P53732,YNR036C
Q03201,YDR041W
P53850,YNL254C
P53305,YGR215W
Q01163,YGL129C
P32607,YOL067C
P32608,YGL252C
P43612,YFR040W
P36123,YKR028W
P46674,YDR159W
P53036,YGL229C
P20134,YOR140W
P47166,YJR134C
P40561,YIR001C
P53075,YGL228W
P38200,YBL031W
Q08199,YOL031C
P38717,YNL257C
P25294,YNL007C
P17883,YPR189W
Q08491,YOR076C
P38247,YBR077C
P06701,YLR442C
P11978,YDR227W
Q12232,YOR154W
Q12098,YLR135W
P39940,YER125W
P40825,YOR335C
P32902,YHL004W
P38120,YBR146W
Q03246,YMR188C
P53733,YNR037C
Q03919,YDR139C
Q12751,YMR185W
P17558,YOR158W
Q07458,YDL076C
P42941,YGR208W
Q04675,YMR059W
Q04172,YDR393W
P40486,YIL104C
P38262,YBR103W
Q07657,YDL225W
P00958,YGR264C
P25623,YCR030C
P25345,YCR024C
P53065,YGL243W
Q03750,YML114C
P53040,YGL112C
Q06510,YPR140W
P35691,YKL056C
Q12297,YPL011C
P53230,YGR046W
P53904,YNL148C
Q02457,YPL128C
Q06466,YPR157W
P39933,YPR186C
Q12466,YOR086C
P38129,YBR198C
Q03761,YDR145W
Q8TGM6,YLR154W-C
P13393,YER148W
P47079,YJL008C
P41895,YGR186W
P47030,YJL083W
P02557,YFL037W
P47058,YJL035C
P32774,YKL058W
Q04226,YML015C
P40085,YER140W
P38085,YBR069C
P09733,YML085C
Q06417,YLR426W
P53851,YNL253W
Q12104,YOR166C
Q03088,YPL032C
P36145,YKR062W
P41896,YGR005C
P53228,YGR043C
Q05027,YMR236W
Q12030,YDR167W
P32048,YNL073W
P38707,YHR019C
P07806,YGR094W
Q12109,YOL097C
P50105,YMR005W
P36421,YGR185C
P48527,YPL097W
P36100,YKL028W
Q06163,YLR318W
P29056,YGR246C
Q05021,YMR227C
Q04372,YMR028W
P48606,YOR265W
P42943,YJL111W
P39079,YDR188W
Q08921,YPL180W
P40045,YER071C
Q99190,YDL015C
P22438,YGR171C
P39965,YER087W
P09734,YML124C
P11325,YLR382C
Q9URQ3,YLR316C
Q05506,YDR341C
P36104,YKL018W
P33300,YPL057C
Q05515,YDR346C
P41544,YJL004C
P32944,YJL187C
P53873,YNL187W
P53277,YGR129W
P15180,YDR037W
P38827,YHR119W
P47008,YJL145W
Q06236,YLR164W
P53266,YGR112W
P36068,YKL130C
P40472,YIL123W
P50263,YMR175W
Q12505,YPL026C
P53616,YNL066W
Q06677,YDR320C
P38992,YDR297W
Q05471,YDR334W
P53937,YNL081C
P26637,YPL160W
Q06563,YLR251W
P04803,YDR268W
P38088,YBR121C
P07236,YKL194C
Q07395,YDL063C
P46655,YGL245W
Q04048,YDR416W
Q02875,YPL105C
P38714,YHR091C
Q03290,YDR460W
Q08224,YOL055C
Q07914,YLR008C
P42949,YJL104W
Q01852,YIL022W
P36101,YKL027W
P40328,YPL074W
P38228,YBR044C
Q3E7C1,YDR079C-A
Q06339,YDR362C
Q12052,YPL157W
P07273,YGL043W
P53916,YNL128W
Q04083,YDR438W
P54857,YDR058C
P53552,YNL139C
P12612,YDR212W
P39076,YIL142W
P53038,YGR099W
P40533,YIL039W
P29055,YPR086W
Q12004,YPR056W
P33339,YGR047C
P47183,YJR156C
Q08975,YPL258C
P00927,YER086W
P40040,YER063W
P38756,YHR003C
P18412,YBR083W
P32776,YDR311W
P32318,YGR144W
Q07904,YLR004C
P46670,YPL241C
P32613,YEL048C
P32367,YBR123C
Q12415,YOR110W
Q02939,YPL122C
Q05998,YLR237W
P42883,YNL332W
Q07471,YDL080C
P38114,YBR150C
P39078,YDL143W
Q03640,YML072C
P38758,YHR009C
Q6B2U8,YAL064C-A
Q04545,YML081W
P46678,YNL039W
P53882,YNL176C
Q07921,YLR010C
P42938,YGR205W
P34163,YKL140W
P40308,YMR313C
P41835,YPL214C
P53201,YGR002C
P48525,YOL033W
P38854,YHR159W
P47988,YOR337W
P34111,YAL001C
Q06490,YPR121W
P43534,YFL058W
P38967,YOL020W
P47153,YJR116W
P36162,YKR083C
P26343,YKR034W
Q02647,YDR424C
P69850,YBR233W-A
Q12389,YDL031W
P24784,YPL119C
P24783,YNL112W
Q04792,YMR250W
P32460,YIR030C
P43595,YFR012W
P06634,YOR204W
P35732,YKL054C
P38307,YBR201W
P25719,YML078W
P54838,YML070W
P18962,YHR028C
P21705,YNL314W
Q04949,YMR299C
Q12084,YDR020C
P33750,YLL011W
P25559,YCL016C
P36091,YKL046C
P40087,YER143W
P47089,YJR014W
P36022,YKR054C
P15365,YJR152W
Q12091,YPL170W
P47005,YJL149W
P21182,YOL052C
P32324,"YOR133W, YDR385W"
Q12395,YLR128W
Q05924,YLR361C
Q06151,YLR270W
P69851,YDR320C-A
P22204,YGR092W
P13483,YML113W
P25039,YLR069C
P32347,YDR047W
Q05080,YMR032W
Q12248,YDR016C
P43550,YFL053W
P20448,YJL033W
Q08558,YOR180C
Q12517,YOL149W
P53550,YNL118C
P35176,YDR304C
P14832,YDR155C
Q00873,YKL087C
P53206,YGR012W
P53267,YGR113W
P47178,YJR150C
P16521,YLR249W
P25334,YCR069W
P47103,YJR032W
P53728,YNR028W
P23285,YHR057C
P47179,YJR151C
P32328,YPR111W
P32325,YDR052C
Q06218,YLR276C
P32898,YDR430C
P36120,YKR024C
P20449,YOR046C
P53734,YNR038W
P20447,YGL078C
P24309,YKL149C
P47977,YLR136C
P38865,YHR175W
Q06686,YLR411W
P00045,YEL039C
P14922,YBR112C
Q06032,YLR394W
Q01454,YPR135W
Q06053,YLR401C
P38818,YHR109W
P53088,YGL211W
P25628,YCR048W
P38116,YBR164C
P38929,YGL006W
Q12675,YDR093W
Q12674,YMR162C
P43601,YFR021W
Q00684,YFR028C
P00830,YJR121W
Q12165,YDL004W
P40074,YER119C
P38995,YDR270W
P12630,YIL015W
Q12128,YOR134W
P38891,YHR208W
P08566,YDR127W
Q05791,YLR215C
P32797,YDL220C
P27636,YAR019C
Q12233,YPR020W
Q12186,YLR116W
Q06338,YDR361C
P32839,YDR375C
Q06071,YLR408C
P38346,YBR270C
P39969,YER114C
P50080,YGR224W
P47082,YJR001W
P40851,YPR122W
P36062,YKL146W
Q08236,YOL078W
Q04749,YMR068W
Q12226,YLL063C
P47068,YJL020C
P39714,YAL060W
P39713,YAL061W
Q02948,YPL120W
Q06702,YLR307W
P25342,YCR002C
P07251,YBL099W
P41696,YOR113W
P40501,YIL088C
Q03630,YML077W
P38934,YOR198C
P30902,YKL016C
P26309,YGL116W
Q12500,YLR114C
Q12067,YOR079C
P39981,YEL064C
P38772,YHR040W
Q08347,YOL164W
P47113,YJR053W
P38813,YHR101C
Q08409,YOR011W
P22804,YIL004C
P39960,YER155C
P32873,YPL115C
Q06631,YDR299W
P53958,YNL042W
Q08965,YPL217C
P48445,YDL141W
P25385,YLR078C
P38084,YBR068C
Q12365,YPL255W
P22035,YKR099W
P33306,YER167W
P35817,YLR399C
Q12291,YLR063W
P35727,YKL061W
P29311,YER177W
P34730,YDR099W
P38278,YBR141C
Q07660,YDL231C
P38770,YHR036W
P53286,YGR142W
Q12140,YDL037C
P53194,YGL007W
P38696,YHR129C
Q12509,YLR085C
Q05933,YLR370C
Q05123,YMR033W
P53244,YGR068C
P53895,YNL159C
P34233,YKL185W
P06182,YAL039C
P27895,YEL061C
P40987,YOR349W
P22137,YGL206C
P38170,YBL097W
Q3E846,YMR244C-A
Q12309,YLR117C
P38323,YBR227C
P33313,YBR155W
Q05583,YDR267C
P17891,YGR167W
P53951,YNL051W
P32378,YNR041C
Q08058,YOL008W
P40452,YIL157C
P53332,YGR277C
P27680,YOL096C
P39103,YML129C
P52924,YNR075W
P53053,YGL263W
P53822,YNL336W
P0CX13,YML132W
P46946,YGL175C
O13525,YDR204W
P41811,YGL137W
Q05779,YLR201C
P41810,YDR238C
P41735,YOR125C
P32344,YLR204W
P53264,YGR110W
Q08685,YOR250C
P53865,YNL225C
Q06096,YPR105C
P32074,YNL287W
Q08225,YOL057W
Q05892,YLR290C
P49017,YML110C
P53318,YGR255C
P43621,YFR051C
P13382,YNL102W
P40094,YER157W
P47110,YJR043C
Q06440,YLR429W
P21592,YPL172C
Q01519,YLR038C
P32799,YGL191W
P53344,YGR295C
Q12287,YLL009C
Q05029,YMR237W
Q01389,YJL095W
P32458,YJR076C
P32468,YHR107C
P41815,YDR046C
P38111,YBR136W
P36107,YKL004W
P50944,YNL101W
P36122,YKR027W
Q07442,YDL070W
P38636,YNL259C
P38360,YBR295W
P38147,YBR274W
P13090,YML116W
P09457,YDR298C
P31386,YAL020C
P38176,YBL089W
P05626,YPL078C
P38077,YBR039W
Q06405,YDR377W
P38928,YIL140W
P81449,YDR322C-A
P22516,YPL008W
P32450,YFL010W-A
P40471,YIL124W
P38287,YBR161W
Q12348,YOL117W
P40512,YIL071C
P53871,YNL191W
P39009,YDL101C
P53168,YGL061C
Q03981,YDR179C
P33413,YHL016C
P53759,YML080W
P25355,YCR054C
P49573,YPR124W
P38428,YMR264W
P53137,YGL110C
P53008,YGL027C
Q02770,YPL064C
P40312,YNL111C
P53079,YGL223C
P18900,YBR003W
P36152,YKR071C
P35206,YBR036C
P53202,YGR003W
Q02554,YMR240C
P47050,YJL047C
P53333,YGR278W
P32623,YEL040W
P53968,YNL027W
Q12150,YLR087C
Q04368,YMR025W
Q08054,YOL007C
P32528,YBR208C
P53923,YNL119W
P41817,YPL177C
Q06469,YPR158W
P00175,YML054C
P00044,YJR048W
P06106,YLR303W
Q07533,YDL117W
Q06705,YLR380W
Q08923,YPL181W
Q04201,YML101C
P53830,YNL286W
Q12046,YDL209C
Q03220,YMR180C
P52868,YGL128C
P15315,YGL166W
P00163,Q0105
P31373,YAL012W
P38226,YBR042C
P46962,YJL006C
P89105,YOL145C
P53899,YNL155W
Q03375,YDR482C
P53854,YNL245C
Q03772,YDR163W
P28320,YKL095W
P46947,YGL174W
P53769,YLR323C
P25618,YCR017C
P08678,YJL005W
P38909,YOR037W
Q04895,YIR028W
P21657,YIR023W
P43497,YKL096W-A
P28319,YKL096W
P07143,YOR065W
D6W196,YNL083W
Q07897,YLR003C
Q06680,YDR325W
Q3E7B2,YJL062W-A
P34237,YKL179C
P16522,YHR166C
P04821,YLR310C
P14724,YFR036W
Q06697,YLR418C
P41733,YLR459W
P25694,YDL126C
P07834,YFL009W
P47112,YJR046W
O13297,YPL228W
P46681,YDL178W
P08004,YNL192W
P39110,YMR138W
P47001,YJL158C
Q03690,YMR012W
P38910,YOR020C
P38779,YHR052W
Q3E7A9,YMR194C-B
P38265,YBR107C
P53280,YGR134W
P24870,YDL155W
P24871,YLR210W
P53188,YGL029W
P32656,YER163C
P32891,YDL174C
P00890,YNR001C
P38221,YBR029C
Q3E829,YDL160C-A
P40558,YIL003W
Q06632,YDR301W
P20438,YPL256C
P13365,YAL040C
P30283,YPR120C
P32657,YER164W
P14180,YBR038W
P08679,YCR005C
P43634,YLR098C
P40019,YER030W
P05374,YGR157W
P43635,YPR001W
P48562,YNL298W
P35190,YGL215W
P53615,YNL036W
P53223,YGR036C
P06115,YGR088W
P14066,YDL069C
P14905,YDR197W
Q03705,YML036W
P21623,YDR403W
P47176,YJR148W
P15703,YGR282C
P11709,YCL029C
P53890,YNL166C
P48582,YPL084W
P04817,YEL063C
P28495,YKL007W
P07258,YOR303W
P07267,YPL154C
P36012,YKL049C
P32943,YGR109C
P39976,YEL071W
Q04199,YML102W
P32457,YLR314C
P11433,YAL041W
P38042,YBL084C
P06704,YOR257W
P09119,YJL194W
P25656,YCR094W
P32562,YMR001C
P35201,YKL089W
P32796,YML042W
P36130,YKR036C
P06787,YBR109C
P47167,YJR135C
P53298,YGR179C
Q3E835,YOL086W-A
Q06350,YDR371W
Q01649,YMR198W
P32504,YGR140W
P17106,YJR060W
P03874,YHL038C
Q06675,YDR318W
Q12453,YOR112W
P20437,YMR199W
Q12114,YLR330W
P40955,YJL099W
P29465,YBR023C
Q2V2P8,YDR374W-A
Q12262,YPR046W
P38907,YDR254W
P38313,YBR211C
P24868,YGR108W
P24869,YPR119W
P39525,YER061C
Q02732,YPL018W
P43618,YFR046C
P29029,YLR286C
P32178,YPR060C
P38843,YHR142W
P48237,YGR150C
Q12102,YLR115W
P32449,YBR249C
P38328,YBR234C
P18634,YLR392C
Q06541,YLR242C
Q03862,YDR101C
Q06822,YPR085C
P32447,YJL115W
P32448,YDL197C
P28777,YGL148W
Q04549,YDR106W
P32381,YDL029W
P53946,YNL059C
Q12406,YPR034W
P53731,YNR035C
Q12386,YOR141C
P33204,YKL013C
Q06597,YPR200C
Q06598,YPR201W
P36038,YKL208W
P38840,YHR137W
P21269,YER168C
P14843,YDR035W
Q04601,YDR118W
P53933,YNL094W
P38724,YHL047C
P24813,YDR423C
P36973,YDR441C
P05085,YML099C
Q00381,YJR058C
Q12107,YLR102C
P40532,YIL040W
P49435,YML022W
P38115,YBR149W
P0CD90,YLL052C
P04076,YHR018C
P38731,YHL040C
P32582,YGR155W
Q12354,YLR118C
P38281,YBR151W
Q08702,YOR258W
P19146,YDL137W
Q06408,YDR380W
Q04371,YMR027W
P32454,YKL157W
Q08683,YOR249C
P29366,YBR200W
P39011,YPL161C
P47039,YJL060W
Q3E793,YAL044W-A
P25356,YCR032W
Q07457,YDL074C
P41695,YGR188C
P26449,YOR026W
P41698,YLR353W
P27637,YAR014C
P40013,YER016W
Q01532,YNL239W
P47041,YJL058C
P38041,YBL085W
Q08280,YOL137W
P25300,YCR038C
P39988,YEL029C
Q08004,YLR074C
P53744,YNR056C
P53630,YNR057C
Q06333,YDR357C
P47134,YJR089W
P43583,YFL007W
P26448,YMR055C
Q99177,YPR057W
P48524,YMR275C
P48558,YNL305C
P09440,YBR084W
P43569,YFL028C
P32451,YGR286C
P40493,YIL096C
P40450,YIL159W
P50084,YGR230W
P53082,YGL220W
P38356,YBR290W
P43571,YFL025C
P23293,YPR161C
P53226,YGR041W
P85052,YER014C-A
P43573,YFL023W
P07245,YGR204W
P36076,YKL088W
Q05611,YDR275W
P53323,YGR262C
P53727,YNR027W
P33314,YKL092C
P39101,YER048C
P43568,YFL029C
P25296,YKL190W
P53741,YNR051C
P36149,YKR068C
P16474,YJL034W
P39724,YAL046C
P43132,YLR015W
P53062,YGL247W
P25558,YCL014W
P53838,YNL275W
P41832,YNL271C
Q06150,YLR267W
P53858,YNL233W
P53841,YNL269W
P53755,YNR069C
Q03758,YML111W
P47040,YJL059W
P41697,YLR319C
P40580,YIR036C
P38822,YHR114W
P17555,YNL138W
P19073,YLR229C
P06243,YDL017W
Q03654,YMR213W
Q12748,YLR381W
P25337,YCR063W
Q08492,YOR078W
Q04347,YMR014W
P36106,YKL005C
P80235,YAR035W
P53934,YNL092W
P33322,YLR175W
P47136,YJR092W
Q08754,YOR299W
Q12191,YDL099W
P25627,YCR047C
Q06604,YPR171W
Q03941,YDR196C
P12962,YOR276W
P27825,YAL058W
P15202,YDR256C
P13517,YIL034C
P07252,YJL209W
P37267,YGR174C
P07253,YBR120C
Q08235,YOL077C
P53894,YNL161W
P40969,YMR168C
P35203,YMR094W
P27614,YJL172W
P47818,YLR220W
P06101,YDR168W
Q08032,YLR103C
Q12018,YDL132W
P53197,YGL003C
Q06549,YLR245C
P50277,YNR058W
P14772,YLL015W
P32639,YER172C
Q05949,YLR226W
P53836,YNL278W
P53829,YNL288W
P47158,YJR122W
P00546,YBR160W
P39113,YMR280C
P03965,YJR109C
P21560,YPL215W
P00729,YMR297W
P11927,YNL188W
P25583,YCL055W
P32526,YPL269W
P10659,YLR180W
P23291,YHR135C
P50090,YGR238C
Q08979,YPL263C
P34166,YNL145W
O13555,YLR331C
P40206,YMR132C
P06245,YPL203W
Q07551,YDL124W
P07278,YIL033C
P40309,YJL094C
P01149,YPL187W
P28743,YPL155C
P06242,YDL108W
P47170,YJR138W
P01094,YMR174C
P40358,YJL073W
P32767,YGL016W
P23292,YNL154C
P36005,YKL161C
Q06346,YDR367W
P20485,YLR133W
P46997,YJL162C
P25389,YCL024W
P13134,YNL238W
Q04066,YDR428C
P17423,YHR025W
P28742,YBL063W
P38620,YER099C
P39005,YJL174W
Q06683,YDR332W
Q03036,YDR540C
P40015,YER019W
Q12280,YPL242C
Q08773,YOR304W
P30605,YDR497C
Q07959,YLR023C
P06244,YJL164C
P39962,YER123W
Q12425,YPR067W
Q6Q560,YER048W-A
P47822,YDR308C
Q12056,YOR226C
P05986,YKL166C
P22517,YOL016C
Q12494,YDR017C
Q02733,YPL017C
P36115,YKR019C
P38991,YPL209C
Q06554,YLR247C
P32570,YBR253W
P36035,YKL217W
Q03361,YDR475C
Q12350,YPR061C
P15700,YKL024C
P38144,YBR245C
P05694,YER091C
P36132,YKR038C
Q02196,YKL001C
Q04746,YMR065W
P27466,YFR014C
P07250,YDR173C
Q03419,YDR492W
P40034,YER051W
P47156,YJR119C
P22209,YAR018C
P38169,YBL098W
P52489,YOR347C
Q04431,YDR532C
P53050,YGR249W
P36066,YKL133C
P33550,YKR061W
P38131,YBR199W
P54070,YPL053C
P32807,YMR284W
Q04437,YMR106C
P13186,YLR096W
P25341,YCR091W
P32895,YKL181W
P32486,YPR159W
P42846,YNL308C
P25586,YCL059C
P32787,YJR144W
P26188,YDL200C
Q04472,YMR115W
P53966,YNL029C
P38853,YHR158C
P15454,YDR454C
P38692,YHR102W
P34165,YDR461W
Q01919,YOR233W
P32350,YLL019C
Q12446,YOR181W
P36004,YKL168C
P24583,YBL105C
P27810,YOR099W
P43638,YJL042W
Q06630,YDR296W
P38703,YHL003C
P25045,YMR296C
P39002,YIL009W
P31379,YAL018C
P43614,YFR042W
P32435,YGL089C
P13185,YDR122W
Q8TGJ3,YNL024C-A
P07277,YMR208W
P33441,YML062C
P40026,YER038C
P38800,YHR080C
Q12246,YOR171C
Q06147,YLR260W
P50112,YDL049C
P38689,YHL011C
P38063,YBL068W
P00549,YAL038W
P38691,YHR082C
P28321,YKL094W
P32266,YOR211C
P34253,YKL110C
P40504,YIL085C
P38130,YBR205W
P00572,YJR057W
Q12525,YLL062C
Q05979,YLR231C
P39526,YJL207C
Q92325,YOL025W
P35844,YPL145C
P09620,YGL203C
P53086,YGL216W
Q04922,YDR219C
P14681,YGR040W
P40081,YER134C
P25573,YCL044C
Q02889,YPL098C
Q12265,YOL061W
P17260,YNL322C
P40578,YIR033W
Q08001,YLR072W
P30624,YOR317W
P25587,YCL005W
P38439,YOR123C
P15496,YPL117C
P43610,YFR038W
P47026,YJL091C
Q04322,YMR192W
P02293,YDR224C
Q03937,YDR014W-A
Q03281,YDR458C
P38199,YBL032W
Q12320,YOR040W
P48813,YDR508C
P54839,YML126C
P39717,YAL056W
P32191,YIL155C
P38875,YHR188C
P38523,YOR232W
P32806,YJL044C
P28817,YDR036C
Q00582,YML121W
Q08484,YOR070C
P53258,YGR100W
Q05580,YDR266C
P32477,YJL101C
Q08929,YPL189W
P48365,YDL234C
P53834,YNL281W
P32769,YKR084C
P46943,YLR289W
P02294,YBL002W
P40857,YJL097W
P06774,YGL237C
Q96VH4,YCL026C-B
P36113,YKR017C
P35843,YOR237W
Q12276,YOR227W
P32836,YOR185C
Q12390,YLL060C
P53154,YGL084C
P43570,YFL027C
P32480,YOR038C
P48239,YGR154C
P36156,YKR076W
P40531,YIL041W
P02309,"YBR009C, YNL030W"
P13434,YBL021C
P25364,YCR065W
P47171,YJR140C
Q12373,YLL022C
Q04806,YMR251W
Q02516,YOR358W
P09950,YDR232W
P14064,YKL109W
P30606,YOL103W
P47119,YJR069C
P33417,YKL032C
P53193,YGL018C
Q12358,YLL057C
Q06214,YPR169W
P53863,YNL227C
Q12055,YDL166C
Q02932,YPL125W
P19358,YDR502C
Q12393,YLR091W
P41913,YOR355W
P40036,YER054C
P32190,YHL032C
P25373,YCL035C
Q08886,YOR371C
Q06543,YLR243W
P38068,YBR014C
P40367,YJL062W
Q08227,YOL065C
P53877,YNL182C
P40006,YEL001C
P43623,YFR055W
P17119,YPR141C
Q08220,YOL049W
P53290,YGR163W
Q07729,YDL238C
P23337,YFR015C
P27472,YLR258W
P04911,YDR225W
P00498,YER055C
P06633,YOR202W
P46973,YJR055W
P38074,YBR034C
P53843,YNL265C
P38250,YBR086C
P36224,YMR294W
P07170,YDR226W
P50094,YML056C
Q03020,YPL135W
P53125,YGL133W
Q12442,YOL002C
P43615,YFR043C
P0CT04,YNL015W
Q04934,YDR229W
Q07532,YDL115C
P47135,YJR091C
P26364,YER170W
P28627,YMR150C
P53219,YGR031W
Q07843,YLL033W
P18963,YBR140C
P40565,YIR005W
P21374,YJR050W
Q04638,YML068W
Q06505,YPR133C
Q99393,YOL101C
P07342,YMR108W
Q12271,YOR109W
P47056,YJL037W
P50095,YLR432W
Q06098,YPR106W
P08539,YHR005C
P53130,YGL121C
Q03554,YMR292W
P40481,YIL110W
P41277,YIL053W
P17629,YDR138W
P36148,YKR067W
P32642,YER174C
Q05926,YLR364W
P40107,YGL225W
P46961,YPL076W
Q12315,YDL207W
P40066,YER107C
P0CE11,YER039C
Q03835,YDR098C
P37303,YEL046C
P37291,YLR058C
Q12096,YOR320C
Q03786,YDR248C
P10823,YER020W
P41911,YOL059W
Q05584,YDR272W
Q02784,YPL059W
Q04399,YDR506C
P14742,YKL104C
P39993,YEL022W
Q12051,YPL069C
Q03768,YDR152W
Q04233,YML006C
P38785,YHR061C
Q06648,YDR309C
Q03016,YPL137C
Q06201,YLR445W
P43577,YFL017C
P53961,YNL038W
P53306,YGR216C
P40581,YIR037W
P07286,YBR243C
P32621,YEL042W
P47102,YJR031C
P25596,YCL073C
Q06336,YDR358W
Q12680,YDL171C
P53551,YPL127C
P42944,YJL110C
P30777,YGL142C
Q06636,YDR302W
P23797,YMR281W
Q07830,YLL031C
P38143,YBR244W
P40956,YGL181W
P48566,YNL293W
P47122,YJR072C
Q08726,YOR262W
P40106,YER062C
Q07845,YLL035W
P38715,YHR104W
Q04697,YML048W
P38625,YMR217W
Q12344,YPL249C
P33734,YBR248C
P41809,YDR420W
P0CY09,YCL067C
Q04344,YDL125C
P38922,YNL004W
Q04178,YDR399W
Q12347,YLR097C
P32478,YJL159W
P10961,YGL073W
Q04429,YDR528W
Q12398,YOR032C
P47175,YJR147W
P48570,YDL182W
Q06674,YDR317W
P00815,YCL030C
P19807,YGL077C
Q05164,YOL155C
Q06592,YPR193C
P39979,YEL066W
Q12692,YOL012C
P51979,YGL251C
P32339,YLR205C
P20050,YIL072W
Q05549,YDR291W
Q08732,YOR267C
P38274,YBR133C
P34244,YKL101W
P32363,YPL175W
Q04080,YDR434W
P38211,YBR004C
P32479,YBL008W
P40545,YIL020C
P12683,YML075C
P53389,YNR055C
P36078,YKL084W
P48362,YGR187C
P0CY11,YCR097W
Q12039,YOL095C
P37292,YBR263W
P36125,YKR030W
P32784,YBL011W
P32835,YLR293C
P42950,YJL103C
Q00055,YDL022W
P49018,YDR331W
P47088,YJR013W
Q04082,YDR437W
P36014,YKL026C
Q12068,YOL151W
P39996,YEL017W
P41921,YPL091W
Q02888,YPL099C
P32645,YER180C
P38710,YHR046C
P53901,YNL152W
P11986,YJL153C
P00817,YBR011C
Q08416,YOR044W
Q99312,YOR155C
Q06142,YLR347C
P47031,YJL082W
P32581,YJL106W
P00724,YIL162W
P40559,YIL002C
P13902,YOL108C
P19158,YOL081W
P38697,YHR216W
P53067,YGL241W
Q03694,YMR204C
P38954,YDR072C
P47046,YJL051W
P25605,YCL009C
Q08295,YOL157C
P40069,YER110C
P50942,YNL106C
P32488,YMR081C
P09064,YPL237W
P25038,YOL023W
P19211,YJR047C
P40576,YIR024C
Q12072,YLR095C
P38803,YHR085W
P32361,YHR079C
P25626,YCR046C
Q06704,YLR309C
Q05533,YDR287W
Q04772,YMR073C
Q08118,YOL015W
Q07821,YLL027W
Q06667,YDR315C
P28239,YMR267W
P21190,YJR094C
P41833,YGL192W
P53941,YNL075W
Q08630,YOR235W
P49775,YDR305C
Q01448,YBR215W
P15992,YBR072W
P02829,YPL240C
P22202,YER103W
P53686,YPL015C
P06775,YGR191W
P0CY07,YCL066W
P12684,YLR450W
Q12122,YDL131W
Q03973,YDR174W
Q03213,YMR172W
Q02959,YPL116W
P40480,YIL112W
Q04432,YDR533C
Q08969,YPL223C
P24814,YJR090C
P40582,YIR038C
P04912,YBL003C
Q03532,YMR290C
Q01766,YPR005C
P38635,YFR025C
P53119,YGL141W
P50079,YGR223C
P38790,YHR067W
Q6Q5K6,YML058W-A
P39924,YEL069C
Q05827,YMR251W-A
P31539,YLL026W
P38753,YHL002W
P45820,YGL168W
P39982,YEL059W
P40037,YER057C
P53187,YGL033W
P0CY13,YCR096C
P09932,YDL227C
P0CS90,YJR045C
P32464,YKL189W
P22943,YFL014W
P10592,YLL024C
P53685,YOL068C
P53631,YNR072W
P32466,YDR345C
Q08109,YOL013C
Q05905,YLR301W
P69852,YKL138C-A
P10591,YAL005C
Q9URQ5,YCR020W-B
P53892,YNL164C
P29295,YPL204W
P33416,YDR258C
Q12134,YOR284W
Q6Q546,YNR032C-A
P39003,YDR343C
P48353,YMR161W
P32485,YLR113W
Q12214,YPR068C
P53096,YGL194C
Q99332,YOR324C
P39734,YAL028W
Q99383,YOL123W
Q05787,YLR207W
P47125,YJR078W
P39730,YAL035W
Q08561,YOR189W
Q02821,YNL189W
P40884,YJL216C
P39520,YLR223C
P39935,YGR162W
P39522,YJR016C
P38217,YBR017C
P40499,YIL090W
P41939,YLR174W
P43579,YFL013C
P32899,YHR148W
P25642,YCR071C
P34167,YPR163C
P53897,YNL157W
P32337,YMR308C
P53115,YGL150C
P46958,YJL146W
P47155,YJR118C
P06168,YLR355C
P15108,YMR186W
P43581,YFL011W
P39004,YDR342C
P38284,YBR157C
Q9P305,YHR132W-A
P43596,YFR013W
Q03824,YMR163C
P47042,YJL057C
P32351,YIL154C
P46972,YMR035W
Q04213,YMR044W
P26798,YDR123C
P17709,YCL040W
P42833,YNL318C
P23585,YMR011W
P28834,YNL037C
P04806,YFR053C
P32481,YER025W
P38431,YPR041W
P23301,YEL034W
P10081,"YKR059W, YJL138C"
P07260,YOL139C
P32590,YBR169C
P38912,YMR260C
P40154,YNL215W
Q12329,YDR171W
P54862,YOL156W
P32465,YHR094C
P41734,YOR126C
P47124,YJR075W
P40325,YGR268C
P40051,YER078C
P20459,YJR007W
P32617,YEL044W
P38348,YBR272C
P39987,YEL030W
P53687,YOR025W
P38695,YHR096C
P40060,YER092W
P07172,YIL116W
Q99181,YOR319W
P32467,YHR092C
P47034,YJL077C
P53982,YNL009W
Q05931,YLR369W
P09435,YBL075C
P04807,YGL253W
P40885,YJL219W
Q04329,YMR195W
Q12345,YLR052W
P25619,YCR021C
Q08992,YPL280W
Q08914,YOR391C
P53688,YDR191W
Q12520,YPL244C
P40985,YJR036C
P40886,YJL214W
P28241,YOR136W
P21954,YDL066W
P19882,YLR259C
P32589,YPL106C
P54854,YDL245C
Q12522,YPR016C
P47185,YJR158W
Q12385,YLR099C
P39936,YGL049C
P43598,YFR017C
P32643,YER175C
P53840,YNL273W
P35180,YGR082W
P32356,YDR001C
Q12400,YOL093W
Q12463,YOL124C
Q12383,YOL125W
P33753,YKR056W
Q07527,YDL112W
P53874,YNL186W
P54730,YMR067C
P38349,YBR273C
P36137,YKR044W
P40554,YIL008W
Q12132,YPL230W
Q12220,YLR129W
P40362,YJL069C
Q12339,YOR004W
P33122,YOR344C
Q04235,YML005W
P52491,YLR306W
P21734,YDR177W
P39967,YER098W
P32571,YDR069C
Q03327,YDR470C
Q04006,YDR185C
P28274,YBL039C
P36026,YKR098C
Q07963,YLR024C
Q04511,YML088W
P38709,YHL012W
P47108,YJR041C
P34247,YKL099C
Q08960,YPL207W
P43123,YDL103C
P52492,YOR339C
P52490,YDR092W
P41834,YOR075W
P34223,YBL058W
Q12229,YDL091C
P32837,YDL210W
Q03010,YPL139C
P0CF16,YML003W
P0CF17,YML002W
Q99344,YPR066W
P22515,YKL210W
P15731,YBR082C
Q02159,YMR022W
P28263,YEL012W
P29340,YGR133W
P19812,YGR184C
P47049,YJL048C
P53250,YGR080W
P38152,YBR291C
Q08282,YOL141W
Q02863,YPL072W
P25037,YDL122W
P39944,YER144C
P43593,YFR010W
Q01476,YOR124C
P40453,YIL156W
P32861,YKL035W
Q04228,YML013W
P38067,YBR006W
Q08562,YOR191W
P39001,YDR207C
Q12151,YDR213W
P35200,YLR168C
Q06525,YPR152C
P36164,YKR088C
P16649,YCR084C
P06785,YOR074C
Q08747,YOR295W
P15732,YDR059C
P54860,YDL190C
P22803,YGR209C
P25372,YCR083W
Q07381,YDL060W
Q03280,YDR457W
P13099,YLR234W
P43637,YGL179C
Q06266,YLR183C
P36029,YKL174C
P38426,YMR261C
P53738,YNR046W
P28584,YKR050W
P54837,YML012W
Q08422,YOR052C
Q05024,YMR233W
Q12094,YOR006C
P38237,YBR058C
P38319,YBR223C
P35127,YJR099W
P50102,YMR223W
P50101,YMR304W
P39538,YJL197W
P38342,YBR265W
P33296,YER100W
P50623,YDL064W
P00937,YKL211C
Q99394,YOR115C
P47168,YJR136C
Q03860,YDR100W
P34760,YML028W
Q04120,YDR453C
Q3E790,YBR058C-A
P36096,YKL034W
Q06412,YLR425W
P20049,YBR166C
P38820,YHR111W
P52488,YDR390C
P06104,YGL058W
P14682,YDR054C
P0CG63,YLL039C
Q01477,YER151C
P33202,YKL010C
P08067,YEL024W
P53044,YGR048W
P38334,YBR254C
P32893,YGR166W
P46944,YDR108W
P25040,YOL022C
P38962,YDR084C
Q06672,YLR435W
P38254,YBR094W
P36097,YKL033W
Q04767,YMR071C
P53177,YGL050W
P26370,YDL170W
Q04305,YMR093W
P40055,YER082C
Q02931,YPL126W
P0CX18,YAR066W
P32610,YEL051W
P31412,YKL080W
P04840,YNL055C
Q06682,YDR330W
P32772,YDL169C
P25386,YDL058W
Q04177,YDR398W
P0CX57,YAR010C
Q02724,YPL020C
P40537,YIL031W
P42945,YJL109C
Q8TGV0,YAR035C-A
P38749,YHL009C
P40017,YER024W
P40157,YNL212W
Q05946,YLR222C
Q04500,YML093W
Q02354,YDR449C
P53276,YGR128C
P21373,YJR049C
P35194,YBL004W
P32366,YLR447C
P39564,YAR068W
Q04301,YMR088C
P22203,YOR332W
Q08438,YOR054C
P39547,YAR027W
Q08926,YPL186C
Q05776,YLR193C
Q04411,YDR520C
P38627,YJR103W
Q03714,YML029W
O13512,YAL064W-B
P53950,YNL054W
P23642,YML115C
P40574,YIR018W
P25515,YEL027W
Q99385,YDL128W
P38293,YBR173C
Q12208,YLR132C
P53146,YGL098W
P32630,YEL035C
Q03935,YDR259C
P16140,YBR127C
Q03785,YDR247W
Q04179,YDR400W
P36135,YKR042W
P38882,YHR196W
P53254,YGR090W
O13527,YAR009C
Q12241,YOR106W
Q07468,YDL077C
Q06708,YLR386W
P32912,YGL212W
P39563,YAR064W
P41807,YPR036W
P12887,YML021C
Q12063,YDL193W
P23202,YNL229C
P27515,YNR012W
Q08474,YOR068C
P40917,YOR028C
Q06596,YPR199C
P46683,YPL239W
P34241,YKL014C
P18562,YHR128W
P40498,YIL091C
Q06078,YLR409C
Q06679,YDR324C
Q3E741,YAL037C-A
Q3E791,YAL063C-A
O13511,YAL065C
P09880,YJL087C
P00912,YDR007W
P38427,YML100W
Q08579,YOR192C
P53220,YGR033C
P32897,YNR017W
P27654,YBR067C
P33891,YGL145W
P53322,YGR260W
P40414,YIL138C
Q00764,YBR126C
Q04183,YDR407C
Q03660,YMR218C
P32802,YLR083C
Q02208,YKR010C
P35172,YBR001C
P12685,YJL129C
P38238,YBR061C
Q12009,YDL201W
Q04562,YDR107C
P40310,YJL093C
P38825,YHR117W
P53099,YGL186C
P53283,YGR138C
Q08919,YPL176C
Q08693,YOR256C
P49957,YML014W
Q08686,YOR251C
Q08231,YOL072W
P47045,YJL054W
Q12513,YDL110C
P49334,YNL131W
P38288,YBR162C
P50078,YGR221C
P40032,YER049W
P48560,YNL300W
P53257,YGR096W
Q12116,YDR105C
Q03496,YMR259C
P48561,YNL299W
P00899,YER090W
P32773,YOR194C
P34219,YBL054W
P80967,YPR133W-A
P04786,YOL006C
P06786,YNL088W
P53147,YGL096W
Q07824,YLL028W
Q12239,YOL107W
Q08687,YOR252W
Q04600,YDR117C
Q06177,YLR327C
Q02721,YLR329W
P23644,YMR203W
P35169,YJR066W
Q06451,YPR156C
Q12272,YOL102C
P46959,YJL125C
P29509,YDR353W
Q03337,YDR472W
P07285,YDR354W
P00931,YGL026C
P22217,YLR043C
O13539,YHR167W
O74700,YEL020W-A
P39515,YJL143W
Q03796,YMR156C
P38811,YHR099W
P38187,YBL067C
P38290,YBR165W
Q12059,YPL003W
P43604,YFR026C
P48412,YGR072W
Q8TGK6,YAL067W-A
Q08182,YOL028C
P32842,YPL234C
P53058,YGL258W
Q12085,YGR027W-A
Q12485,YGR038C-A
P53209,YGR016W
Q02767,YPL065W
P39111,YGR020C
P53262,YGR106C
Q12141,YGR027W-B
P0CX67,YGR161C-C
Q8TGU1,YGL188C-A
Q2V2P6,YGL194C-A
P53210,YGR017W
P53212,YGR021W
P53216,YGR025W
P34110,YJL154C
Q06263,YLR181C
P17255,YDL185W
Q06685,YLR410W
P23643,YDR495C
P22219,YBR097W
Q08924,YPL183C
P38838,YHR134W
P38959,YDR080W
P22543,YLR240W
P36116,YKR020W
P53142,YGL104C
P38739,YHL028W
P22147,YGL173C
Q12206,YOR229W
P42826,YGR194C
P33418,YKL205W
P25594,YCL069W
P53853,YNL246W
P54787,YML097C
Q07878,YLL040C
P40046,YER072W
P40438,YIL173W
P34231,YKL187C
P43582,YFL010C
P40489,YIL101C
P33301,YDR369C
P32563,YOR270C
P53225,YGR039W
P53227,YGR042W
P53229,YGR045C
P53231,YGR050C
P47161,YJR126C
Q03433,YML041C
Q05919,YLR360W
Q12215,YOL105C
P40080,YER128W
P40463,YIL135C
P38329,YBR235W
Q05934,YLR373C
Q04311,YDR049W
P53185,YGL036W
P53211,YGR018C
P52917,YPR173C
Q03308,YPL045W
Q04338,YMR197C
P37370,YLR337C
P47075,YJL012C
P36114,YKR018C
P40151,YNL218W
P39102,YLR090W
P30822,YGR218W
Q12363,YOR230W
P12611,YOR043W
P47165,YJR133W
Q07993,YLR070C
Q03388,YDR485C
Q08831,YOR359W
P32319,YBL017C
P40890,YJL222W
P43585,YFL004W
Q02725,YPL019C
Q02792,YOR048C
Q04602,YDR119W
P53241,YGR065C
Q12045,YPL253C
Q3E816,YGR121W-A
Q8TGT9,YGR146C-A
Q3E744,YGR161W-C
Q8TGT8,YGR174W-A
P20795,YLR396C
P38932,YGL095C
P53285,YGR141W
O13549,YLR261C
Q12016,YOL129W
P39702,YAL002W
P34761,YNL197C
P53832,YNL283C
Q3E7B6,YCL005W-A
P23968,YHR026W
P0C5N1,YGL014C-A
P53222,YGR035C
P32341,YKL119C
P36017,YOR089C
P47142,YJR102C
Q03944,YDR200C
Q06696,YLR417W
Q03631,YML076C
P36015,YKL196C
Q07655,YDL224C
Q12416,YOR083W
P38194,YBL044W
P41806,YGR105W
P38784,YHR060W
Q8TGU0,YGL007C-A
Q45U48,YGR035W-A
Q12316,YGR161C-D
P53217,YGR026W
P38759,YHR012W
P40343,YNR006W
P39904,YDR484W
P25591,YCL063W
P39968,YEL013W
P40003,YEL005C
P36172,YKR105C
P48836,YHR039C-A
P38358,YBR293W
P40478,YIL114C
P53076,YGL227W
Q06385,YDR372C
P40041,YER064C
P38735,YHL035C
P42839,YNL321W
Q12269,YGR038C-B
P21576,YKR001C
P36095,YKL041W
Q92331,YOR069W
P40522,YIL056W
P40547,YIL017C
P43600,YFR020W
Q3E802,YGL006W-A
P53208,YGR015C
Q04272,YMR077C
Q12071,YDR027C
P47111,YJR044C
Q03390,YDR486C
P47061,YJL029C
P32913,YOR132W
Q03897,YDR128W
P41814,YNL062C
P38816,YHR106W
Q03784,YDR246W
P40061,YER093C
Q03533,YMR291W
P39077,YJL014W
P38141,YBR240C
Q08749,YOR297C
Q12199,YPR040W
P10863,YER011W
P33890,YOR010C
Q12328,YDL217C
Q3E764,YLR262C-A
P07213,YNL121C
P33448,YOR045W
P32600,YKL203C
P53378,YLR212C
P40340,YGR270W
P48231,YNL087W
P40413,YJR064W
P38987,YML064C
Q12308,YPL007C
Q07748,YDL244W
P53215,YGR024C
P35202,YOR143C
Q12043,YOR081C
P40462,YIL137C
P53507,YNL070W
P36165,YKR089C
Q02776,YPL063W
P57744,YJR135W-A
P33315,YBR117C
P27796,YIL160C
Q03525,YMR269W
P16120,YCR053W
P87108,YHR005C-A
P32830,YBR091C
P40552,YIL011W
Q12218,YOR009W
P53299,YGR181W
Q03322,YDR468C
P41338,YPL028W
Q08144,YOL018C
Q12049,YPR045C
P23254,YPR074C
P36142,YKR051W
P89886,YER007C-A
Q12000,YOR091W
P39548,YAR028W
P34224,YBL059W
P38256,YBR096W
P38109,YBR139W
P38215,YBR013C
Q8J0M4,YCL012C
P25383,YCL020W
Q2V2Q3,YBR201C-A
Q12260,YBL100W-A
Q3E821,YBL008W-A
Q3E778,YBR196C-B
P38338,YBR259W
Q8TGU8,YBL071C-B
Q3E794,YBR072C-A
P38201,YBL029W
P32788,YBL010C
Q8TGU6,YBR182C-A
P25384,YCL019W
P25620,YCR022C
P37265,YCR041W
P25606,YCR100C
P25607,YCR101C
P0C5M1,YDR371C-A
P25361,YCR043C
P39953,YEL006W
Q04408,YDR514C
P34225,YBL060W
P39549,YAR029W
P39711,YAL064W
Q3E776,YBR255C-A
Q3E7Y5,YBL111C
Q3E7Y4,YBL112C
Q7M4S9,YBL113C
P0C268,YBL039W-B
P38306,YBR197C
P38354,YBR285W
P38223,YBR032W
Q3E830,YCR075W-A
P25352,YCR025C
Q3E820,YBR196C-A
P38150,YBR284W
P38299,YBR184W
P0C5K9,YBL039C-A
Q12217,YBR012W-A
Q12193,YBR012W-B
P38177,YBL086C
P25577,YCL049C
P38315,YBR216C
P38235,YBR053C
P38081,YBR056W
P25593,YCL068C
P42937,YGR203W
Q12121,YDL211C
P38318,YBR220C
P38321,YBR225W
Q3E755,YBR200W-A
P38220,YBR027C
P25565,YCL002C
P25616,YCR015C
P25617,YCR016W
Q07541,YDL121C
Q3E7Z7,YDR003W-A
P36131,YKR037C
P08458,YDR523C
P41901,YGR059W
P35184,YIR012W
P38687,YPL243W
P25379,YCL064C
P06784,YDL159W
P38869,YHR181W
P53032,YGL162W
Q06707,YLR385C
Q12286,YPR009W
P15179,YPL104W
P00359,YGR192C
P17649,YGR019W
P28789,YDL205C
P33893,YBL080C
P11353,YDR044W
P48015,YDR019C
P28007,YHR089C
Q06135,YLR343W
Q03655,YMR215W
P40569,YIR013C
P38011,YMR116C
Q08622,YOR205C
P38812,YHR100C
P38263,YBR105C
Q03833,YDR096W
P12709,YBR196C
P25555,YCL011C
P15442,YDR283C
P07261,YPL075W
Q01722,YNL199C
P14065,YOR120W
Q04839,YMR255W
P37020,YJR040W
P38817,YHR108W
P25569,YCL039W
P39958,YER136W
P38988,YDL198C
P53849,YNL255C
Q12418,YLR094C
P18494,YER040W
Q12438,YDL010W
P38138,YBR229C
Q04924,YDR221W
P39722,YAL048C
P36173,YKR106W
P40208,YMR135C
Q04458,YMR110C
P38682,YER122C
P17695,YDR513W
P39726,YAL044C
Q06625,YPR184W
P38301,YBR187W
P25346,YCR098C
Q12125,YOR164C
P39732,YAL031C
P49095,YMR189W
P25370,YCL036W
P41818,YMR311C
Q12434,YDL135C
P40056,YER083C
Q12060,YPL254W
P32288,YPR035W
Q02979,YPL110C
P53192,YGL020C
P53171,YGL057C
Q12154,YDL100C
P32874,YMR207C
Q12263,YDR507C
P38229,YBR045C
P36143,YKR058W
P47011,YJL137C
P32775,YEL011W
P25574,YCL045C
Q12396,YLR080W
Q03071,YPL046C
Q12431,YLL014W
P53861,YNL230C
P32803,YGL200C
P00925,YHR174W
P32352,YMR202W
Q08822,YOR356W
P38748,YHL010C
P12385,YBR143C
P27882,YGR029W
Q12284,YPR037C
P38819,YHR110W
Q03018,YGR098C
Q12480,YPR004C
P38913,YDL045C
P25087,YML008C
P38604,YHR072W
P43613,YFR041C
P0CX10,YOR393W
Q12361,YDL035C
P17261,YCR075C
P38071,YBR026C
P09201,YLR377C
Q05785,YLR206W
Q06551,YLR246W
P53173,YGL054C
P38312,YBR210W
P22696,YJR017C
Q04410,YDR517W
P54781,YMR015C
P32476,YGR175C
P24521,YMR220W
P38767,YHR032W
P38289,YBR163W
P19658,YJL085W
P35731,YKL055C
Q04660,YMR049C
P62651,YPL096C-A
P40030,YER044C
Q03661,YMR219W
Q06344,YDR365C
P52911,YDR261C
P38261,YBR102C
P39875,YOR033C
P32497,YMR309C
P42835,YNL327W
P32462,YNL280C
P42222,YMR323W
P39704,YAL007C
P53918,YNL125C
P53198,YGL002W
Q06340,YDR363W
P40456,YIL151C
Q03096,YIL009C-A
P43592,YFR008W
Q05040,YMR029C
P36039,YKL207W
P39540,YJL196C
Q04409,YDR516C
Q12518,YDL161W
P53938,YNL080C
Q05359,YAR002C-A
P25340,YGL012W
P16151,YDR414C
P18414,YBL040C
P38140,YBR239C
Q03103,YML130C
P05453,YDR172W
Q12450,YOR016C
Q08119,YOL017W
P23776,YLR300W
P53839,YNL274C
P40557,YIL005W
P41912,YOL110W
P53337,YGR284C
P0CX11,YPL281C
P36168,YKR096W
Q08650,YOR245C
Q12086,YDR263C
Q03063,YPL049C
P53970,YNL024C
P12754,YGR083C
Q04651,YML067C
P39727,YAL042W
Q08649,YOR244W
P53743,YNR054C
P17214,YLR233C
P39715,YAL059W
P40217,YMR146C
P36053,YKL160W
Q05050,YMR031C
P40540,YIL027C
P53080,YGL222C
Q06673,YLR436C
P38728,YHL043W
Q99252,YOR092W
Q05874,YLR285W
Q04067,YDR429C
Q06706,YLR384C
P43555,YFL048C
P53753,YNR067C
P38736,YHL031C
Q12403,YDL018C
P42935,YGR200C
Q02884,YPL101W
P00924,YGR254W
P47160,YJR125C
Q07872,YLL038C
P53246,YGR071C
P43572,YFL024C
P38333,YBR247C
P22140,YHR123W
P32330,YKL121W
Q99234,YOR030W
Q12382,YOR311C
P39517,YDL160C
P35497,YJR159W
P25453,YER179W
Q12743,YDR411C
P39708,YAL062W
Q04217,YMR128W
P36009,YKL078W
P37298,YDR178W
O13577,YLR437C
P54005,YMR316W
Q04216,YMR126C
P09624,YFL018C
P40989,YGR032W
P32768,YAR050W
P38894,YHR211W
P38310,YBR207W
P40099,YER183C
P40088,YER145C
Q06623,YPR179C
P25659,YCR076C
P08417,YPL262W
P28003,YAL034C
P31380,YAL019W
P43557,YFL046W
P32791,YLR214W
Q12473,YLL051C
P38777,YHR049W
Q99369,YOR280C
P53973,YNL021W
Q06629,YDR295C
P38993,YMR058W
Q12180,YOL089C
P42837,YNL325C
P32599,YDR129C
P53279,YGR131W
P40466,YIL131C
P38124,YBR008C
P08640,YIR019C
Q08968,YPL222W
P36141,YKR049C
P22007,YDL090C
O13329,YDR110W
P53848,YNL256W
P20081,YNL135C
Q08023,YLR077W
A0A023PZB3,YER038W-A
P38866,YHR176W
Q02207,YKR009C
P53739,YNR047W
Q07653,YDL223C
P36033,YKL220C
P36088,YKL069W
Q05015,YMR222C
P37261,YCL026C-A
Q08906,YOR382W
P40020,YER032W
Q06205,YLR449W
P40464,YIL134W
P32785,YBL013W
P15646,YDL014W
P17064,YER056C
Q08911,YOR388C
P39521,YPR104C
P39719,YAL053W
P36170,YKR102W
Q02883,YPL103C
P53889,YNL168C
Q07651,YDL222C
P40008,YER004W
P29704,YHR190W
Q12119,YER060W-A
P40988,YMR319C
Q03898,YDR130C
Q08907,YOR383C
P40491,YIL098C
Q03034,YDR539W
P0CE41,YLR256W
Q08967,YPL221W
P38260,YBR101C
P45976,YJR093C
Q12341,YPL001W
P21268,YJL157C
P46671,YMR052W
Q12099,YDR021W
P07149,YKL182W
P26793,YKL113C
P39676,YGR234W
P38224,YBR040W
P40546,YIL019W
Q06001,YLR238W
Q03254,YMR277W
Q12035,YLR051C
P25621,YCR028C
P53971,YNL023C
P53917,YNL127W
P19097,YPL231W
P25333,YCR008W
P34756,YFR019W
P32771,YDL168W
Q12753,YPR008W
P53199,YGL001C
Q12452,YLR100W
P42940,YGR207C
P32474,YDR518W
Q08421,YOR051C
P32604,YJL155C
Q12283,YOR221C
P38137,YBR222C
P25358,YCR034W
P38874,YHR187W
Q08299,YOL158C
Q03769,YDR153C
Q99382,YLR065C
P32353,YLR056W
P40039,YER060W
Q05498,YDR339C
P43561,YFL041W
Q08913,YOR390W
P32472,YDR519W
P39984,YEL056W
Q06179,YLR454W
P39712,YAL063C
P38225,YBR041W
Q12178,YPR062W
Q08991,YPL279C
P41546,YFL031W
P38970,YJL165C
Q04433,YDR534C
P41813,YNL068C
P07262,YOR375C
Q07786,YDL246C
Q06143,YLR348C
Q08496,YOR080W
P41819,YPL266W
P47027,YJL090C
P47138,YJR097W
P53388,YPL265W
P53924,YNL116W
P38791,YHR068W
P69771,YKR035W-A
P38823,YHR115C
Q03652,YMR211W
P40553,YIL010W
P40059,YER088C
P38821,YHR113W
P14284,YPL167C
P27344,YBR278W
Q06063,YLR405W
P47128,YJR082C
Q06011,YLR390W
Q05958,YLR228C
P32525,YJL201W
Q02202,YKR004C
P40526,YIL049W
Q05031,YMR238W
P38859,YHR164C
Q12429,YLR143W
P38332,YBR246W
P14020,YPR183W
Q05521,YDR284C
P36108,YKL002W
Q07505,YDL086W
P36037,YKL213C
P32461,YKL191W
Q06819,YPR082C
P32469,YLR172C
P0CX08,YEL070W
P53063,YGL246C
P39995,YEL018W
P07807,YOR236W
P21951,YNL262W
P38121,YBL035C
P40077,YER124C
P38844,YHR143W
Q08729,YOR264W
P53095,YGL196W
P48235,YGR146C
Q04110,YDR446W
P54858,YDR068W
P47120,YJR070C
Q04603,YDR121W
P53255,YGR093W
P38167,YBL101C
P40516,YIL064W
P23501,YKR053C
Q05871,YLR284C
P47144,YJR106W
P38737,YHL030W
P39985,YEL055C
P32892,YLL008W
P47013,YJL134W
Q06349,YDR370C
P38836,YHR132C
P34216,YBL047C
P40318,YIL030C
P54861,YLL001W
Q04089,YDR440W
Q12432,YPR023C
Q04623,YDR125C
P32471,YAL003W
P04819,YDL164C
Q05610,YDR273W
Q03921,YDR141C
P15801,YOR330C
P36041,YKL204W
Q08387,YOR005C
P24482,YPR175W
P36049,YKL172W
Q03212,YMR171C
P33309,YNL001W
P40487,YIL103W
P38213,YBR007C
P31385,YAL013W
P53911,YNL136W
P35195,YBL001C
Q02710,YPL021W
Q3E840,YBL071W-A
P38347,YBR271W
P47163,YJR129C
P40319,YLR372W
P39013,YNL084C
P42842,YNL313C
Q04406,YDR512C
P32626,YEL038W
P46984,YJL184W
Q12003,YPL236C
Q08651,YOR246C
Q3E705,YGR271C-A
Q03653,YMR212C
Q02908,YPL086C
Q12168,YLR144C
P40564,YIR004W
P40366,YJL065C
P25615,YCR014C
P33317,YBR252W
P14741,YKR026C
P32502,YLR291C
P06103,YOR361C
P02992,YOR187W
P53073,YGL231C
Q04868,YMR312W
Q03466,YDR206W
P02994,"YPR080W, YBR118W"
P40023,YER035W
Q06200,YLR443W
Q05775,YLR192C
O13529,YHR021W-A
P29547,YPL048W
P36008,YKL081W
P39998,YEL015W
P38248,YBR078W
Q05902,YLR299W
P53200,YGR001C
P33412,YGR007W
P38249,YBR079C
P32501,YDR211W
P53235,YGR054W
Q03764,YDR147W
P32801,YKL048C
P43605,YFR027W
P38073,YBR033W
Q12050,YOR144C
P38195,YBL043W
P32644,YER176W
Q03214,YMR176W
P38246,YBR076W
P38732,YHL039W
Q06337,YDR359C
P09032,YOR260W
P47133,YJR088C
Q12292,YOL083W
P38182,YBL078C
Q12142,YDL149W
P01097,YDL181W
P31384,YAL021C
P40202,YMR038C
P13587,YDR040C
Q01896,YDR039C
Q12691,YDR038C
P32907,YNR002C
Q12359,YDR384C
O13547,YLR390W-A
P22135,YJL180C
P81451,YOL077W-A
P38273,YBR131W
P53722,YNR020C
Q03153,YMR098C
P21306,YPL271W
Q06703,YLR308W
P00856,Q0080
P09798,YKL022C
P61829,Q0130
P38911,YML074C
P53121,YGL139W
Q04952,YMR306W
P34243,YKL017C
P18411,YAL008W
P38783,YHR059W
Q08271,YOL132W
P43574,YFL021W
P22146,YMR307W
P06174,YOR278W
P27809,YDR483W
P22023,YOR336W
Q02786,YPL056C
Q12166,YOR108W
P53150,YGL090W
P33399,YDL051W
P08638,YLR451W
P38760,YHR015W
Q02796,YPL055C
P32875,YOR196C
P43586,YFR001W
P32491,YPL140C
Q07923,YLR011W
Q04396,YDR503C
Q04005,YDR184C
P40002,YEL007W
P38162,YBL107C
Q10740,YNL045W
Q06508,YPR139C
P43560,YFL042C
P36146,YKR063C
P47912,YMR246W
Q04377,YDR499W
Q12502,YOR322C
P07264,YGL009C
P50087,YGR235C
Q03579,YMR298W
P38851,YHR155W
P40079,YER127W
P47055,YJL038C
P38210,YBL006C
Q08218,YOL047C
Q02799,YPL054W
P42838,YNL323W
P04173,YCL018W
Q96VH5,YCL057C-A
P43594,YFR011C
P50107,YML004C
Q06005,YLR239C
P39946,YOR269W
Q07684,YDL233W
P53153,YGL085W
Q12342,YDL146W
Q07887,YLL049W
P38341,YBR262C
P36112,YKR016W
P38873,YHR186C
P53158,YGL079W
P36046,YKL195W
P28496,YKL008C
Q08045,YLR104W
P39518,YER015W
P40970,YDR062W
Q04081,YDR435C
P06208,YNL104C
Q01846,YML104C
P35191,YFL016C
P18409,YAL010C
P53083,YGL219C
O60200,YKL053C-A
Q06820,YPR083W
P33310,YLR188W
P29467,YER044C-A
P15807,YBR213W
P39014,YIL046W
Q04533,YML082W
P53035,YGL209W
P39943,YER028C
Q02455,YKR095W
P41800,YLL006W
Q06211,YPR164W
P40577,YIR025W
Q3E772,YGR169C-A
Q06436,YLR427W
P20484,YKL021C
O14467,YOR298C-A
Q9ZZW7,Q0115
Q08777,YOR306C
Q01159,YGL130W
P41910,YDR005C
P38174,YBL091C
P39534,YJL199C
P53885,YNL173C
P33311,YPL270W
P53094,YGL197W
P39692,YFR030W
P27705,YGL035C
P41821,YNL291C
P03879,Q0120
P36060,YKL150W
P41948,YNL142W
Q03081,YPL038W
P38300,YBR185C
P32585,YGR104C
P32259,YNL236W
P34162,YHR041C
P53114,YGL151W
P53390,YPR138C
Q02205,YKR007W
P16523,YNL210W
P40457,YIL149C
Q06164,YLR320W
Q3E827,YJR005C-A
P57743,YLR438C-A
P23060,YCR019W
P22134,YER142C
P40070,YER112W
P40971,YDR034C
P53048,YGR289C
P38156,YBR298C
P0CW40,YIL172C
P22855,YGL156W
Q01662,YLR244C
P36775,YBL022C
P47051,YJL046W
P32490,YOR231W
P40089,YER146W
P47017,YJL124C
P40065,YER106W
P40513,YIL070C
Q06406,YDR378C
P33308,YNR010W
P32389,YNL103W
P47164,YJR130C
P18408,YPR167C
Q12198,YLL058W
P36006,YKL129C
Q03735,YML117W
P43619,YFR047C
P38795,YHR074W
P27929,YNL137C
Q12374,YPR155C
P25625,YCR044C
P40096,YER159C
Q06568,YLR254C
Q02783,YPL060W
P53379,YDR144C
P34234,YKL183W
P38139,YBR204C
P38702,YHR002W
P50945,YNL100W
P36016,YKL073W
P38852,YHR156C
Q04341,YDR031W
Q03667,YMR002W
P40314,YDR252W
P53919,YNL124W
Q8TGN9,YGR031C-A
Q06504,YPR131C
P46955,YJL116C
Q08920,YPL178W
P34160,YMR125W
P16603,YHR042W
P40360,YJL071W
P25293,YKR048C
P53914,YNL132W
Q12163,YDR162C
Q12366,YOL104C
Q02197,YEL053C
P38879,YHR193C
P12945,YDL040C
P37293,YGR147C
Q12144,YLR064W
P38626,YIL043C
Q12207,YPR149W
P30771,YMR080C
Q00539,YHR086W
Q08689,YOR253W
Q03920,YDR140W
Q12093,YDL033C
Q99271,YLR138W
P53238,YGR058W
P30952,YNL117W
P21826,YIR031C
P38880,YHR194W
P32569,YER022W
Q06580,YPR188C
P40484,YIL106W
P07884,YOR274W
P47025,YJL112W
P40356,YGL025C
P08536,YJR010W
P47169,YJR137C
P08465,YNL277W
Q03218,YMR177W
Q12205,YLR057W
Q99257,YPL169C
P53152,YGL087C
Q06324,YLR190W
P32419,YDL078C
P40573,YIR017C
P34072,YNL076W
P24720,YOR350C
P38257,YBR098W
P53059,YGL257C
P38191,YBL049W
P48563,YNL297C
P53583,YNL249C
P39016,YGL178W
Q05930,YLR368W
Q06213,YPR168W
Q12171,YOR147W
P19263,YLR071C
Q99278,YMR112C
P25046,YBL093C
Q02574,YLR288C
Q12343,YOR174W
P24719,YOR351C
P38304,YBR193C
Q08176,YOL026C
P36027,YLR332W
P53141,YGL106W
P40850,YNL085W
P53102,YGL183C
P38888,YHR204W
P23748,YMR036C
P42834,YNL328C
Q08278,YOL135C
P38782,YHR058C
P32489,YPL121C
P40260,YGR121C
P32179,YOL064C
Q12041,YDR253C
P40185,YIL051C
Q08970,YPL224C
P32906,YJR131W
P53745,YNR059W
P32783,YBR236C
P36032,YKL221W
P29496,YLR274W
P38132,YBR202W
P17505,YKL085W
Q92328,YOL009C
P19659,YOL051W
Q12124,YDL005C
P40469,YIL128W
Q08601,YOR197W
P36051,YKL165C
Q08268,YOL119C
P21965,YNL307C
P32354,YIL150C
P11746,YMR043W
P29469,YBL023C
P24279,YEL032W
Q12321,YPR070W
P38633,YGL127C
P10962,YAL025C
P0CW41,YJL221C
P32333,YPL082C
Q08179,YOL027C
Q12019,YLR106C
Q12285,YOL111C
P38801,YHR081W
P07866,YAL024C
Q07508,YDL087C
P40495,YIL094C
Q12230,YPL004C
P36007,YKL218C
P49367,YDR234W
P23493,YKL093W
P03873,Q0110
Q07376,YDL054C
Q02891,YPL095C
P38295,YBR177C
P53091,YGL201C
Q12106,YOR228C
Q06567,YLR253W
P30665,YPR019W
P22133,YOL126C
Q04087,YDR439W
P32487,YNL268W
P40957,YGL086W
P53341,YGR292W
P36013,YKL029C
P39678,YDL056W
Q07980,YLR035C
Q12372,YLL061W
P25579,YCL051W
P42951,YJL100W
P41318,YNL006W
P53338,YGR288W
P38112,YBR142W
P53051,YGR287C
Q12296,YOL060C
P35688,YDL240W
P53145,YGL099W
P53237,YGR057C
P43603,YFR024C-A
P47074,YJL013C
P40958,YJL030W
P35192,YMR021C
P32047,YNL074C
P38203,YBL026W
P38999,YNR050C
P38286,YBR159W
P34239,YKL176C
P53281,YGR136W
Q04781,YMR247C
P38998,YIR034C
P38158,YBR299W
P38157,YBR297W
P50113,YGL154C
Q12176,YDR060W
P25491,YNL064C
P38920,YMR167W
Q12083,YPL164C
P53905,YNL147W
P34078,YKL143W
P07702,YBR115C
P38878,YHR192W
Q12405,YOR084W
P38828,YHR121W
P47093,YJR022W
P25369,YCL034W
P0CX81,YHR055C
Q03677,YMR009W
Q12387,YOL076W
P32505,YGL122C
P38996,YPL190C
P23059,YCR020C-A
Q03151,YMR097C
P53128,YGL125W
P35198,YDR277C
P39731,YAL034W-A
P28737,YGR028W
Q06489,YPR118W
P48240,YGR158C
P47047,YJL050W
Q03429,YDR493W
Q03455,YDR205W
P0CY06,YCR040W
P34232,YKL186C
P40959,YMR004W
P53077,YGL226W
P53214,YGR023W
P25566,YCL033C
P42939,YGR206W
Q05812,YLR219W
Q08818,YOR354C
P21339,YOR188W
P07266,YIR021W
P34246,YKL098W
P0CY08,YCR039C
P53320,YGR257C
P53944,YNL063W
P36084,YKL074C
P33749,YKL062W
P14908,YMR228W
P50276,YGR055W
P32377,YNR043W
Q04751,YMR069W
P08593,YPR134W
P32559,YMR023C
P47095,YJR024C
Q07938,YLR017W
P38236,YBR057C
P53176,YGL051W
P38860,YHR168W
Q02866,YPL070W
Q08750,YOR298W
P46985,YJL183W
P40549,YIL014W
P47069,YJL019W
P25588,YCL061C
Q12467,YPL168W
P47007,YJL147C
P25847,YOL090W
P13712,YBR195C
P38849,YHR151C
P53070,YGL236C
Q03162,YMR100W
P36044,YKL201C
P29952,YER003C
P53166,YGL064C
Q05648,YDR282C
Q99316,YOL088C
P10507,YLR163C
P40567,YIR009W
P38994,YDR208W
P47018,YJL123C
P38694,YHR039C
P23500,YKR052C
P32335,YLR203C
P38335,YBR255W
P38734,YHL036W
P35724,YKL064W
P54785,YMR070W
P53129,YGL124C
P38857,YHR162W
P35728,YKL059C
P38172,YBL095W
P48564,YNL295W
Q07349,YDL027C
P38590,YNL053W
P33748,YMR037C
P0CX80,YHR053C
P41940,YDL055C
P53159,YGL075C
Q12175,YDL154W
Q03825,YMR164C
P0CD99,YDL247W
Q12411,YOL091W
P40050,YER077C
P46151,YPL023C
P50873,YDL079C
P32334,YGR014W
P53045,YGR060W
P25846,YHR120W
P40965,YFL003C
P43563,YFL034C-B
P0CE00,YJR160C
P33201,YKL009W
P22148,YOL116W
P40029,YER042W
P53311,YGR243W
Q12117,YDR033W
Q08471,YOR066W
Q01926,YOR334W
P10566,YJL133W
P52918,YDR335W
P25336,YCR092C
P32633,YEL033W
P53163,YGL068W
P40562,YIR002C
Q12404,YOR288C
P53604,YNR049C
P39552,YAR033W
Q02046,YKR080W
P38069,YBR015C
P23641,YJR077C
P53725,YNR024W
P15424,YDR194C
P53123,YGL136C
P32829,YMR224C
P47084,YJR003C
Q99189,YOR160W
Q08550,YOR177C
P40364,YJL066C
P47083,YJR002W
Q06390,YDR374C
Q03079,YPL041C
Q05473,YDR336W
O75012,YDL045W-A
P35719,YKL142W
Q08925,YPL184C
P36157,YKR077W
P40990,YDL107W
P10849,YDL044C
P39106,YER001W
P39107,YPL050C
P53157,YGL080W
P11914,YHR024C
P25270,YOR201C
Q03834,YDR097C
Q12317,YOL112W
P50108,YDR245W
P47123,YJR074W
P54199,YDL028C
Q06106,YPR112C
P53869,YNL211C
Q03104,YML128C
P46982,YJL186W
Q06815,YPR079W
Q08229,YOL070C
P52920,YGL091C
Q92317,YDR397C
Q02820,YJL205C
P38205,YBL024W
P38292,YBR168W
P38244,YBR074W
P16862,YMR205C
Q06287,YLR186W
Q04439,YMR109W
Q03503,YPR051W
P52919,YLR457C
P53903,YNL149C
P15380,YOR348C
P34230,YKL188C
P53335,YGR280C
P0CX26,YJR094W-A
Q00578,YIL143C
P25443,YGL123W
Q06639,YDR303C
P09547,YPL016W
P25302,YER111C
Q08281,YOL138C
Q12108,YOR118W
P53292,YGR165W
P32605,YBR119W
Q12100,YDL025C
Q12379,YDR260C
P47141,YJR101W
Q04947,YDR233C
Q05900,YLR298C
Q07478,YDL084W
P53236,YGR056W
P38781,YHR056C
P0CX36,YHR203C
Q07979,YLR033W
Q03124,YML127W
P40033,YER050C
P40342,YNR004W
P46654,YLR048W
P38175,YBL090W
Q02950,YPL118W
P25343,YCR009C
P41058,YDL061C
P39938,YGL189C
P33442,YLR441C
P32832,YMR091C
P46974,YJR127C
P32911,YNL244C
P46676,YDR310C
P08153,YDR146C
P40161,YNL206C
P38850,YHR154W
P38701,YHL015W
P40018,YER029C
P40496,YIL093C
Q00916,YIL061C
P53047,YGR213C
Q06488,YLR357W
Q02206,YKR008W
P25632,YCR052W
Q04629,YDR126W
Q04175,YDR395W
Q03799,YMR158W
P33759,YBR251W
P53330,YGR275W
P12686,YGR084C
Q07794,YLL002W
Q08963,YPL213W
P53289,YGR161C
Q05543,YDR289C
P40063,YER104W
P28778,YKL003C
Q12378,YDR066C
Q03976,YDR175C
P39743,YDR388W
Q03516,YMR266W
P32905,YGR214W
Q08553,YOR179C
P10662,YDR347W
O14464,YPL183W-A
P42847,YNL306W
P21771,YDR337W
Q12234,YOR216C
Q12443,YDL204W
Q12242,YOR138C
P38255,YBR095C
P54780,YMR121C
P0CX44,YGL135W
P53221,YGR034W
P0CX45,YFR031C-A
P26321,YPL131W
P05317,YLR340W
P04456,YOL127W
Q02753,YBR191W
P05749,YLR061W
P40571,YIR015W
P0C2H6,YHR010W
P10664,YBR031W
Q07915,YLR009W
P36531,YBR122C
Q12508,YDR255C
P05747,YFR032C-A
Q02326,YML073C
P17076,YHL033C
P39975,YEL072W
P36532,YBR268W
Q03305,YDR465C
P53060,YGL250W
Q05635,YDR279W
Q02555,YMR239C
P51862,YLR371W
P05740,YKL180W
P0CX82,YBR084C-A
P87262,YER056C-A
P40525,YIL052C
P35996,YKL170W
P40693,YNL002C
P0C2H9,YLR406C
P51998,YML025C
Q06678,YDR322W
Q03441,YDL001W
P38330,YBR238C
P05737,YGL076C
Q12213,YPL198W
P29453,YLL045C
P43620,YFR048W
Q12530,YLR145W
P20436,YOR224C
Q01080,YNL248C
P32910,YNR003C
P35718,YKL144C
P38771,YHR038W
P05318,YDL081C
Q03195,YDR091C
Q12224,YPL089C
P46990,YJL177W
P0CX56,YML026C
Q3E754,YJL136C
P05750,YNL178W
O13516,YPL081W
P53598,YOR142W
P0CX39,YBL072C
P0CX40,YER102W
P09959,YLR182W
P38711,YHR021C
P39939,YER131W
P0CX31,YER074W
P43609,YFR037C
Q05043,YMR030W
Q04693,YML049C
Q03430,YDR494W
P53394,YPR003C
P32591,YJL176C
P0CX35,YJR145C
P0CX37,YPL090C
P53312,YGR244C
P05755,YBR189W
Q08932,YPL193W
Q05942,YLR221C
Q08417,YOR049C
P0C0X0,YLR264W
Q3E7Y3,YLR367W
P0CX32,YIL069C
P0CX29,YGR118W
P41057,YLR388W
P05759,YLR167W
P26786,YOR096W
P48164,YNL096C
P40156,YNL213C
P07281,YNL302C
P27999,YGL070C
P0CX49,YOL120C
P0CX50,YNL301C
P0C0W9,YPR102C
P04050,YDL140C
P0CX43,YPL220W
P36144,YKR060W
P0CX24,YOR312C
Q12532,YPL009C
P36105,YKL006W
Q04307,YDR045C
P56628,YFL034C-A
P04449,YGL031C
P24000,YGR148C
P43565,YFL033C
P23796,YMR283C
P41805,YLR075W
Q03691,YMR200W
P25042,YPR065W
Q12690,YDL082W
P05748,YLR029C
P38222,YBR030W
Q3E757,YGR085C
P08518,YOR151C
P0CX83,YBL027W
P53893,YNL163C
P38066,YBL033C
Q06208,YLR453C
P38615,YMR139W
P20433,YJL140W
P38145,YBR256C
P0CX54,YDR418W
P38754,YHL001W
P09938,YJL026W
Q04847,YMR258C
P40212,YMR142C
P26785,YNL069C
P21243,YGL011C
P19735,YBR055C
P50086,YGR232W
P34222,YBL057C
P11938,YNL216W
P05319,YOL039W
P53295,YGR173W
P36054,YKL159C
P38623,YLR248W
P06838,YML095C
P48581,YOR368W
P14737,YDR217C
P32863,YGL163C
Q08096,YOL010W
P33323,YHR157W
P32841,YMR133W
Q12188,YPR007C
P12687,YNL005C
P36521,YDL202W
Q00246,YKR055W
P53879,YNL180C
P29539,YBR275C
Q07844,YLL034C
P50861,YOL143C
Q03792,YMR154C
P38741,YHL024W
P40160,YNL207W
P21524,YER070W
P49723,YGR180C
Q03942,YDR198C
P0CX53,YEL054C
P16370,YIL021W
P34087,YDR404C
P04051,YOR116C
P50109,YML017W
P41903,YJR019C
Q01329,YAL043C
P47116,YJR059W
Q12221,YPR042C
P49960,YMR268C
P25043,YOR157C
Q12355,YDR055W
P07390,YNR045W
P39927,YGR156W
P33334,YHR165C
P30657,YFR050C
P32901,YKR093W
P07274,YOR122C
P33203,YKL012W
P33299,YKL145W
P20095,YNR011C
P40303,YOL038W
P25451,YER094C
P31374,YAL017W
P28708,YKL116C
P47032,YJL079C
Q12310,YDL214C
P33411,YGR006W
P20053,YPR178W
P32379,YGR253C
P24384,YER013W
P50896,YDR505C
P25298,YMR061W
P53118,YGL144C
P20435,YPR187W
P40422,YHR143W-A
P38902,YOL005C
P20434,YBR154C
P38805,YHR088W
P32565,YIL075C
P40016,YER021W
P38886,YHR200W
P32496,YFR052W
P32561,YNL330C
Q02933,YPL123C
P22276,YOR207C
Q02773,YML091C
Q12250,YDL147W
Q12377,YDL097C
Q08723,YOR261C
P36533,YML009C
P25299,YGL044C
Q02805,YOR018W
P10964,YOR341W
P22138,YPR010C
P47006,YJL148W
P32529,YJR063W
P17890,YNL151C
P32349,YPR190C
P25441,YDL150W
P39956,YER169W
Q12167,YDR065W
P38766,YHR031C
Q12481,YOR287C
P40042,YER066W
P40470,YIL127C
P32786,YBL014C
P11745,YMR235C
P32338,YGR044C
P53046,YGR070W
P46669,YOR340C
P28000,YNL113W
Q12189,YOR095C
P36160,YKR081C
P25348,YCR003W
Q04598,YDR115W
Q06090,YPR100W
P38764,YHR027C
P36121,YKR025W
Q03465,YDL020C
Q04062,YDR427W
P32611,YEL050C
P53140,YGL107C
P53942,YNL072W
P45818,YGL171W
P43602,YFR022W
P47076,YJL011C
P43588,YFR004W
O13563,YLR421C
P20084,YMR286W
P40993,YDR478W
Q02685,YPL024W
P40858,YJL096W
P02381,Q0140
Q04740,YMR234W
P32385,YLL046C
P25367,YCL028W
P36159,YKR079C
P53724,YNR022C
Q12338,YLR154C
Q04712,YML043C
P46948,YGR195W
P38712,YHR065C
P38792,YHR069C
Q3E811,YLR162W-A
P53437,YMR270C
Q08162,YOL021C
P22139,YOR210W
P07703,YPR110C
P50106,YDR156W
P23250,YIL119C
P46969,YJL121C
Q06103,YPR108W
P53196,YGL004C
P0CX48,YBR048W
Q06511,YPR143W
P36070,YKL125W
Q08285,YOL142W
Q02983,YLR141W
P14127,YDR447C
P46784,YMR230W
P25381,YCR045C
P40992,YJL025W
Q08219,YOL048C
P38786,YHR062C
Q01855,YOL040C
P02407,YML024W
Q04225,YMR131C
Q08746,YOR294W
Q12277,YDL111C
P25359,YCR035C
P53117,YGL146C
P0CX51,YMR143W
P05756,YDR064W
Q12754,YPL012W
P38204,YBL025W
Q06506,YPR137W
P35178,YDR087C
Q05636,YDR280W
P25368,YCL031C
P0CX47,YDR025W
P49626,YDR012W
P26783,YJR123W
P0CX38,YBR181C
P13433,YFL036W
P0CX55,YDR450W
P35997,YKL156W
P0CX34,YOR182C
P40011,YER010C
P53256,YGR095C
Q08745,YOR293W
P38192,YBL048W
Q05022,YMR229C
P07280,YOL121C
P48589,YOR369C
P06367,YCR031C
P36080,YKL082C
Q08774,YOR305W
Q04031,YDR412W
P0C0T4,YLR333C
P0CX30,YPR132W
P0CX52,YDL083C
P0C0V8,YKR057W
P0C0W1,YJL190C
P23248,YML063W
P0CX33,YLR287C-A
Q06109,YPR116W
P43607,YFR032C
Q07829,YLL030C
Q12149,YOR001W
P38961,YDR083W
Q3E792,YGR027C
P39516,YJL191W
Q3E7X9,YOR167C
P20606,YPL218W
Q04003,YDR181C
P34218,YBL052C
P42223,YDR351W
P15624,YLR060W
P52871,YER019C-A
P23833,YBR037C
Q08873,YOR367W
Q06817,YPR081C
Q03529,YMR272C
P53189,YGL028C
P38314,YBR214W
P36047,YKL193C
P32844,YIL068C
P09436,YBL076C
P40316,YDR113C
P19955,YFR049W
P40084,YER139C
P40856,YJL098W
P89114,YHR079C-A
P38429,YMR263W
Q04002,YDR180W
P40455,YIL152W
P47100,YJR029W
P47044,YJL055W
P47023,YJL114W
P36158,YKR078W
Q3E798,YLR099W-A
P0C2J4,YLR410W-A
Q12244,YLL054C
P0CE99,YLR157W-D
P0CF00,YLR157W-E
Q12312,YLR122C
Q03263,YMR279C
Q04869,YMR315W
Q04897,YMR320W
Q04898,YMR321C
Q04215,YMR046C
Q03649,YMR210W
Q04670,YMR050C
Q03675,YMR007W
Q03687,YMR010W
Q3E841,YNR034W-A
Q08465,YOR064C
P53891,YNL165W
P53907,YNL144C
Q08321,YOL160W
Q12496,YOL098C
O13587,YPR096C
Q12251,YPR011C
Q12414,YPL257W-B
Q12458,YDR368W
P0CX22,YOR396W
Q12024,YOR272W
Q06137,YLR345W
Q3E809,YML054C-A
Q06479,YLR352W
P0CX72,YLR157C-A
P53980,YNL011C
P53975,YNL019C
P53960,YNL040W
P53956,YNL046W
Q12391,YNL284C-A
P03881,Q0255
P53729,YNR029C
P53736,YNR040W
P53747,YNR061C
P53754,YNR068C
P53910,YNL140C
P53870,YNL193W
P40169,YNL194C
Q08504,YOR105W
Q3E751,YPL119C-A
Q12523,YPL247C
Q08977,YPL260W
P43587,YFR003C
Q02754,YPL067C
Q02749,YPL068C
Q06523,YPR148C
Q02826,YPL080C
Q06821,YPR084W
P36019,YNL093W
P0CX20,YDR545W
Q12172,YOR162C
P0CX21,YLR467W
Q03855,YDR098C-B
Q12210,YDL009C
P25639,YCR061W
P32616,YEL045C
Q07746,YDL242W
P39977,YEL068C
P0C5M8,YER090C-A
P0C5N6,YHR032W-A
P38780,YHR054C
P38745,YHL017W
P53134,YGL114W
Q04013,YMR241W
P38899,YHR218W
P38752,YHL005C
P38833,YHR127W
P38765,YHR029C
Q02598,YIL014C-A
P40519,YIL060W
P40514,YIL067C
P40448,YIL163C
Q3E775,YJR151W-A
P46996,YJL163C
P47157,YJR120W
P47159,YJR124C
Q8TGT2,YKL096C-B
P0C5P2,YKL100W-A
P40889,YJL225C
P36081,YKL077W
P34248,YKL100C
Q2V2P1,YLR146W-A
Q12155,YLR050C
P0CY04,YLR157C-C
P35995,YKL222C
Q07978,YLR031W
P40214,YMR144W
Q03829,YMR166C
P0CX17,YLR464W
P38087,YBR104W
P53846,YNL260C
Q04364,YMR018W
Q06104,YPR109W
Q12130,YLR112W
Q07888,YLL067C
Q05898,YLR296W
P40207,YMR134W
P39523,YMR124W
Q03730,YML018C
Q03629,YML079W
P32843,YMR302C
P53740,YNR048W
Q04978,YML053C
Q06252,YLR179C
P53757,YNR071C
P53758,YNR077C
Q3E7B9,YOR008C-A
Q3E7Y9,YOL097W-A
P40168,YNL195C
Q02872,YPL108W
Q08971,YPL225W
Q06116,YPR117W
P40105,YER190W
P31111,YDR285W
Q2V2P7,YDR461C-A
P39972,YEL075C
P48568,YDL186W
P40028,YER041W
P32792,YHR017W
P53110,YGL159W
P40560,YIL001W
P38831,YHR125W
P53093,YGL198W
P0C5P0,YJL197C-A
P47114,YJR054W
Q3E814,YLL006W-A
Q05867,YLR283W
Q3E795,YLR361C-A
Q3E747,YLR363W-A
O13544,YLR302C
Q06170,YLR326W
Q04711,YML045W
Q3E742,YLR412C-A
P32795,YPR024W
P0CX69,YMR051C
Q04436,YMR103C
Q06247,YLR173W
P53750,YNR064C
P53908,YNL143C
Q99247,YOL087C
Q12506,YOR314W
Q3E806,YOR316C-A
Q99210,YOR111W
Q8TGS2,YOL019W-A
Q12169,YOR015W
Q99248,YOR019W
Q3E824,YOR020W-A
Q08172,YOL024W
Q12015,YOR223W
Q3E805,YOR376W-A
Q12501,YOR343W-B
P0C272,YOL013W-A
Q08910,YOR387C
Q08448,YOR059C
Q12402,YPR028W
A5Z2X5,YPR010C-A
Q12204,YOR022C
Q02873,YPL107W
Q02864,YPL071C
Q06522,YPR147C
Q06537,YPR153W
Q06616,YPR174C
P38279,YBR147W
P38815,YHR105W
P40341,YMR089C
Q3E7X8,YEL077C
Q03205,YDR042C
P0C270,YER138W-A
Q04597,YDR114C
Q04925,YDR222W
P40057,YER084W
Q07451,YDL072C
Q05451,YHR050W-A
P53100,YGL185C
P53307,YGR219W
P38740,YHL026C
P53071,YGL235W
P38750,YHL008C
P40538,YIL029C
P38727,YHL044W
P0CI67,YHR213W
Q3E7Z3,YIR018C-A
Q8TGN5,YIL105W-A
P25637,YCR059C
Q08956,YPL201C
P53108,YGL161C
P40442,YIL169C
P47048,YJL049W
P40575,YIR020C
P40570,YIR014W
Q3E737,YJL047C-A
Q04471,YMR114C
Q12088,YLR035C-A
Q06146,YLR257W
P38746,YHL014C
Q3E7B5,YMR230W-A
P54007,YLR460C
P53947,YNL058C
Q03703,YML037C
Q8TGJ2,YNR075C-A
P53929,YNL108C
P53921,YNL122C
P53876,YNL184C
P53906,YNL146W
P40009,YER005W
P40166,YNL198C
Q8TGJ1,YOL166W-A
Q08560,YOR186W
Q3E736,YOR192C-C
Q3E807,YOR011W-A
Q12351,YOR012W
Q08110,YOL014W
Q12282,YOR214C
Q12439,YOR192C-A
Q92393,YOR142W-B
Q08734,YOR268C
Q8TGJ0,YOR394C-A
Q12040,YOR283W
Q12012,YOR289W
Q3E769,YOL159C-A
Q12219,YOR114W
Q12145,YPR013C
Q02961,YPL113C
Q06107,YPR114W
P0C2I9,YPR137C-B
Q12492,YPR064W
Q07688,YDL235C
P40323,YPL073C
A0A0B7P3V8,YPL060C-A
Q12303,YLR121C
Q06594,YPR195C
Q08954,YPL199C
Q08993,YPR202W
P32793,YHR016C
P0CX14,YGR296W
O13559,YLR466W
P40022,YER034W
Q03049,YDR541C
Q12301,YDL180W
Q3E818,YDR194W-A
P40049,YER076C
P43551,YFL052W
P43564,YFL034W
P43578,YFL015C
P43597,YFR016C
P43622,YFR054C
P43625,YFR057W
P53326,YGR266W
P53249,YGR079W
P10356,YER152C
Q99315,YGR109W-B
P53273,YGR125W
Q3E7Z6,YHL015W-A
P53155,YGL082W
P53089,YGL204C
Q2V2P4,YIL156W-B
P38729,YHL042W
P38842,YHR140W
P38775,YHR045W
P47174,YJR146W
P47024,YJL113W
Q05777,YLR194C
O13578,YLR415C
Q07895,YLR001C
Q12177,YLL056C
Q05948,YLR225C
Q07834,YLL032C
O13574,YLR255C
Q04838,YMR254C
Q3E825,YLR307C-A
Q06493,YPR125W
Q04336,YMR196W
P0CX98,YPR204C-A
Q12486,YOR131C
Q12179,YPL245W
P0CX97,YPL283W-B
O13585,YPR089W
Q12152,YPL150W
Q8TGQ7,YPR159C-A
Q12042,YPL162C
Q06325,YDR349C
P38146,YBR264C
Q08994,YPR203W
Q06328,YDR352W
P51996,YGL210W
P38280,YBR148W
Q06102,YPR107C
Q3E787,YCR095W-A
Q3E819,YCR108C
P37263,YCR087C-A
P38277,YBR138C
Q07454,YDL073W
Q07530,YDL114W
Q07793,YDR261C-D
Q12111,YDR029W
Q3E6R4,YDR524C-B
P39974,YEL073C
P0C5M9,YFR009W-A
P38733,YHL037C
P38900,YHR219W
P0CX93,YHR214C-D
P38809,YHR097C
Q3E739,YIR021W-A
Q06139,YLR346C
Q06204,YLR446W
Q06188,YLR455W
Q03559,YMR295C
Q04867,YMR310C
Q03722,YML020W
Q03759,YML108W
P32331,YPR058W
Q04018,YMR244W
Q3E767,YNL067W-B
Q03697,YML038C
Q3E7Z2,YNL042W-B
P53748,YNR062C
P38806,YHR090C
Q99326,YOR338W
Q12182,YOR342C
Q12484,YOR343C
Q12113,YOR192C-B
Q12293,YOR343W-A
Q08270,YOL131W
Q08206,YOL036W
Q3E7Z9,YOL038C-A
Q3E7Y8,YOL155W-A
Q08300,YOL159C
Q08743,YOR292C
Q3E7Y7,YOR293C-A
Q08748,YOR296W
P53049,YGR281W
Q02981,YPL109C
Q12531,YPR015C
P0CX73,YPL257W-A
Q03083,YPL034W
P0CX58,YPR137C-A
P0CX60,YPR158W-A
Q12194,YPL066W
Q08990,YPL278C
Q06813,YPR078C
Q8TGR9,YPL152W-A
Q12340,YOR172W
P53819,YNL339C
Q06681,YDR326C
Q03482,YDR210W
Q07589,YDL144C
P0C2I2,YDR316W-B
Q3E763,YDR246W-A
P39994,YEL020C
P39992,YEL023C
P0C5M0,YDR320W-B
Q05497,YDR338C
Q3E817,YFL041W-A
Q12222,YOL128C
P53132,YGL118C
Q3E815,YHR175W-A
Q8TGK1,YHR213W-B
P38616,YNL160W
P40556,YIL006W
P38730,YHL041W
P47162,YJR128W
P47181,YJR154W
P0C2J3,YLR410W-B
Q07927,YLR012C
P0CE97,YLR159W
Q12288,YLR126C
Q7LIF2,YLR365W
Q04706,YML045W-A
Q03236,YMR187C
Q04223,YMR130W
Q12138,YLR125W
P36111,YKR015C
Q04773,YMR074C
Q06070,YLR407W
Q06689,YLR413W
Q03695,YMR206W
Q03102,YML131W
Q05016,YMR226C
I2HB70,YMR316C-A
P53976,YNL018C
P53932,YNL095C
P53723,YNR021W
Q12470,YNL054W-A
P53749,YNR063W
Q92392,YOL103W-A
Q08187,YOL029C
Q8TGS1,YOR032W-A
Q12274,YOR097C
Q3E834,YER074W-A
Q06839,YPR097W
Q12243,YOR029W
Q08964,YPL216W
Q12139,YPR022C
Q6Q5F3,YPR053C
Q02831,YPL077C
P36018,YKR014C
Q12346,YPR071W
P12688,YKL126W
P18961,YMR104C
P48559,YNL304W
P01123,YFL038C
Q3E7B3,YPR108W-A
Q6B0W2,YPR014C
Q12159,YDR381W
P25036,YOR003W
Q08245,YOL109W
P0C1Z1,YDR524W-C
P39983,YEL057C
Q03964,YDR170W-A
Q05530,YDR286C
P39978,YEL067C
P40058,YER085C
Q04210,YMR040W
P0CX61,YFL002W-B
Q12331,YDR262W
P25349,YCR004C
P39959,YER130C
P53275,YGR127W
P53278,YGR130C
P48236,YGR149W
P53291,YGR164W
Q6Q5P6,YHL009W-A
P38887,YHR202W
P53139,YGL108C
Q3E746,YHR086W-A
P0C2I4,YHR214C-C
P38868,YHR180W
P47172,YJR141W
P40445,YIL166C
P47063,YJL027C
P47062,YJL028W
P47126,YJR079W
P47131,YJR085C
Q8TGN3,YJL077W-A
Q8TGT3,YJL077W-B
P46992,YJL171C
P46987,YJL181W
P36119,YKR023W
P47022,YJL118W
P40896,YJL213W
Q86ZR7,YKL033W-A
P40544,YIL023C
Q3E765,YKL183C-A
P34245,YKL097C
Q07986,YLR036C
P36155,YKR075C
Q3E732,YLR264C-A
Q06698,YLR419W
Q05854,YLR278C
Q8TGS7,YMR182W-A
Q03508,YMR265C
Q02209,YKR011C
Q8TGT0,YML100W-A
Q3E782,YMR247W-A
P40218,YMR147W
Q3E842,YMR122W-A
Q03231,YMR181C
Q04214,YMR045C
P0C5Q3,YMR013C-A
Q03161,YMR099C
Q03177,YMR102C
Q03099,YML133C
Q8TGS9,YMR001C-A
P0CY03,YLR156C-A
Q12275,YOR093C
P0CF20,YOL163W
Q12322,YOL114C
P40152,YNL217W
Q12273,YOL103W-B
Q08816,YOR352W
Q3E804,YOR381W-A
Q08909,YOR385W
P36025,YOR062C
Q08232,YOL073C
Q08234,YOL075C
Q3E832,YOR072W-B
Q08486,YOR072W
Q08900,YOR376W
Q06833,YPR091C
Q06089,YPR098C
Q12079,YPR027C
P38298,YBR183W
Q12160,YPR063C
Q12424,YDL206W
P25630,YCR050C
Q07629,YDL218W
A0A023PZF2,YEL009C-A
Q12472,YDR034C-D
Q04033,YDR415C
P0CX16,YEL076C-A
P0CX95,YEL077W-A
P40082,YER135C
P40083,YER137C
P42942,YGR210C
P47053,YJL043W
P40503,YIL086C
P40497,YIL092W
P40572,YIR016W
P0CX74,YJR026W
P39529,YJL206C
P36086,YKL071W
P36127,YKR032W
P47085,YJR008W
P36083,YKL075C
P47014,YJL132W
Q3E7A7,YKL018C-A
P33324,YKL091C
Q12253,YLR046C
Q05863,YLR281C
Q99208,YLL066C
P0CF18,YMR085W
Q02203,YKR005C
Q8TGS5,YMR272W-B
P0C2I6,YLR227W-B
Q8TGS4,YMR315W-A
Q03823,YMR160W
Q8TGT1,YLR406C-A
Q03434,YML039W
P53964,YNL033W
Q3E843,YMR158C-A
Q03648,YMR209C
Q3E7A6,YML007C-A
Q04526,YML083C
P47147,YJR110W
Q12112,YNL284C-B
P0CE98,YLR161W
P0C5P6,YLR163W-A
Q99337,YNL054W-B
Q3E7Z1,YNL146C-A
Q99345,YOL085C
P0CF19,YOL162W
P0C5R4,YOL083C-A
Q3E7A5,YOL164W-A
P40159,YNL208W
P0CX59,YOR142W-A
P53857,YNL234W
Q08902,YOR378W
Q3E735,YOR034C-A
Q08634,YOR238W
P53952,YNL050C
Q08912,YOR389W
Q08995,YPR204W
Q08157,YOL019W
Q08976,YPL261C
P34161,YML027W
Q08984,YPL272C
P0C2J0,YPR158W-B
Q2V2P0,YPR145C-A
P53057,YGL259W
P32939,YML001W
Q06595,YPR196W
Q3E7B0,YER053C-A
P0CX65,YDR316W-A
P0CX70,YDR365W-A
P0C5L7,YDR118W-A
Q12407,YDL199C
Q03619,YER160C
P43539,YFL065C
P25347,YCR001W
P39961,YER184C
P43599,YFR018C
Q8TGT7,YGR204C-A
P0CX64,YGR161W-B
P53329,YGR273C
P53243,YGR067C
P53156,YGL081W
Q3E758,YHL048C-A
O13535,YHR214C-B
Q8TGT4,YHR213W-A
P53074,YGL230C
Q7LHG5,YIL082W-A
Q07074,YHR007C-A
P38841,YHR138C
Q3E828,YJL127C-B
P40446,YIL165C
Q3E7A3,YJL133C-A
P40500,YIL089W
P47145,YJR107W
P47107,YJR039W
P0CT86,YJR107C-A
Q3E743,YJR112W-A
P42947,YJL107C
P36153,YKR073C
Q07990,YLR042C
Q99296,YLR149C
P0C2I8,YLR256W-A
P0C5Q1,YLR364C-A
P0CY00,YLL066W-A
Q8TGJ7,YLL066W-B
O13565,YLR358C
P0C2I5,YLR157C-B
Q04893,YMR317W
O13556,YLR462W
Q04299,YMR087W
Q04461,YMR111C
Q3E760,YMR030W-A
P0CY02,YLR154C-H
Q8TGS0,YOR161C-C
Q99395,YPL229W
Q08259,YOL118C
Q08980,YPL264C
Q02781,YPL062W
Q6Q5H1,YPR158C-C
P0C2J1,YPR158C-D
P32329,YLR120C
P40583,YIR039C
P38070,YBR028C
Q12697,YOR291W
P46951,YGR198W
Q12010,YOL092W
P38555,YER031C
P36036,YKL214C
Q03795,YMR155W
Q04276,YMR082C
P53963,YNL034W
Q3E7Z0,YNL277W-A
P53751,YNR065C
P53752,YNR066C
P0C271,YNL097C-B
O14468,YOR304C-A
Q08844,YOR365C
Q02606,YPL014W
Q08974,YPL257W
Q3E7B4,YPL038W-A
Q03080,YPL039W
Q08989,YPL277C
Q99260,YLR262C
P0C5R9,YPR170W-B
Q08930,YPL191C
P53107,YGL164C
P50111,YMR273C
P0C074,YNL138W-A
P53061,YGL249W
P42844,YNL310C
P0C5S1,YPR160W-A
P38374,YBR162W-A
P0CX15,YPL283C
P53735,YNR039C
P53584,YNL237W
P53303,YGR211W
P41920,YDR002W
P40517,YIL063C
P38079,YBR054W
Q06224,YLR277C
Q12324,YOR087W
Q12436,YLR130C
P34240,YKL175W
Q03362,YDR476C
Q3E796,YDR182W-A
P48569,YDL183C
P43549,YFL054C
P0CX71,YER137C-A
A0A023PYF4,YER145C-A
P43537,YFL067W
P40326,YGR269W
P53272,YGR122W
Q3E750,YGL041C-B
P42936,YGR201C
P40523,YIL055C
P47078,YJL009W
Q3E801,YJL136W-A
Q12528,YLR111W
Q07799,YLL007C
P0CX68,YLR035C-B
Q3E771,YLR285C-A
Q04835,YMR253C
P0CX75,YLR227W-A
Q03219,YMR178W
Q04304,YMR090W
P53981,YNL010W
P0CD98,YLL053C
P26725,YJL139C
P47043,YJL056C
P0CD97,YER039C-A
P54786,YML109W
P32527,YGR285C
Q12512,YOL154W
P20107,YMR243C
P32804,YGL255W
P40021,YER033C
P39728,YAL037W
P38355,YBR287W
P38357,YBR292C
Q12491,YBL100W-B
P38202,YBL028C
O43137,YBR085C-A
Q12266,YBL005W-A
Q12490,YBL005W-B
P0C5L4,YBR121C-A
I2HB52,YBR056W-A
Q3E7Z8,YCR024C-B
Q96VH3,YCL021W-A
P87287,YDR366C
Q12103,YDL109C
Q12489,YDL012C
P40102,YER187W
P0C5L6,YDL022C-A
Q04093,YDR444W
P32622,YEL041W
P32618,YEL043W
P43591,YFR007W
P25350,YCR006C
P25354,YCR007C
P53234,YGR053C
P53336,YGR283C
P53265,YGR111W
Q12173,YGR109W-A
P40095,YER158C
P53144,YGL101W
P38870,YHR182W
P33199,YGL015C
P39109,YDR135C
P25654,YCR090C
P25657,YCR099C
Q04162,YDR387C
Q04170,YDR391C
Q12185,YDR018C
Q99303,YDR261W-A
Q3E774,YDL159W-A
P0C2I3,YDR365W-B
P39971,YEL076C
Q3E789,YDR169C-A
Q12027,YDL176W
Q12257,YDL177C
Q06640,YDR306C
P0CX63,YFL002W-A
P43540,YFL064C
P43538,YFL066C
P0CX99,YFL068W
P43608,YFR035C
P43617,YFR045W
Q06676,YDR319C
P0CX62,YGR161W-A
P53316,YGR250C
P0CX96,YGR296C-B
P53186,YGL034C
P53287,YGR151C
P48238,YGR153W
P38721,YHL050C
P38690,YHR033W
P38799,YHR078W
P53066,YGL242C
Q99219,YIL082W
P40543,YIL024C
P38867,YHR177W
P47173,YJR142W
D6VPM8,YAR023C
P14680,YJL141C
P38142,YBR241C
P38331,YBR242W
P0C269,YBL100W-C
Q3E756,YBL029C-A
Q3E781,YBR221W-A
Q3E762,YBR230W-A
Q8TGU5,YBR296C-A
Q8TGK4,YBR298C-A
P38311,YBR209W
P38317,YBR219C
P34220,YBL055C
P38243,YBR071W
Q12235,YLL055W
Q03480,YDR209C
Q12240,YDR215C
Q8TGU4,YER175W-A
Q3E7A2,YER078W-A
Q07738,YDL241W
Q03787,YDR249C
A0A023PZE8,YDR157W
P38893,YHR210C
P0C5N4,YHR073C-B
P38708,YHR020W
P53056,YGL260W
P38763,YHR022C
P38216,YBR016W
P32386,YLL048C
P38253,YBR090C
P25351,YCR023C
Q07379,YDL057W
Q12298,YDR061W
Q3E7B7,YDL085C-A
Q03856,YDR098C-A
Q07555,YDL129W
P43562,YFL040W
Q07804,YLL012W
P43590,YFR006W
Q03612,YER138C
P43580,YFL012W
P53270,YGR117C
P53151,YGL088W
P0C5N7,YHR073W-A
Q3E7Z5,YIL002W-A
P38864,YHR173C
P25338,YGL010W
Q45U18,YIL134C-A
P47118,YJR067C
Q8TGU7,YBR126W-A
Q2V2Q2,YCL048W-A
P25650,YCR085W
Q12025,YDR056C
Q6Q5X2,YDR034W-B
P25608,YCR102C
P25631,YCR051W
Q99231,YDR210C-D
O74302,YDR261C-C
P39999,YEL014C
Q12082,YDL157C
Q05612,YDR278C
Q03983,YDR179W-A
Q07950,YLR020C
P43552,YFL051C
P50089,YGR237C
P40076,YER121W
Q3E786,YGR240C-A
P40093,YER156C
P53274,YGR126W
P53293,YGR168C
P0C2J7,YHL009W-B
P38083,YBR063C
P25572,YCL042W
P34215,YBR144C
P87012,YCL001W-A
P38966,YDR089W
Q3E6R5,YDR381C-A
Q04608,YDR124W
Q03483,YDR210W-A
Q03494,YDR210W-B
Q07791,YDR261W-B
P40052,YER079W
P40097,YER181C
P0CX66,YER159C-A
P43576,YFL019C
Q3E740,YGL258W-A
P53242,YGR066C
P53183,YGL039W
P46945,YGL176C
P0C5N3,YGL041W-A
P53133,YGL117W
P0CX91,YHR212W-A
P38716,YHR112C
P38834,YHR130C
P40551,YIL012W
Q05947,YLR224W
Q07967,YLR030W
Q3E766,YMR175W-A
Q05899,YLR297W
Q03879,YMR122C
Q8TGS6,YMR242W-A
Q03208,YML119W
Q03207,YML122C
P42840,YNL320W
P0CX09,YNR073C
Q05131,YMR034C
Q06235,YLR162W
Q3E7A8,YNL162W-A
P53925,YNL115C
Q06251,YLR177W
P53878,YNL181W
P53912,YNL134C
P38180,YBL081W
Q02896,YPL087W
Q12392,YDR034C-C
Q03899,YDR131C
P40103,YER188W
P40104,YER189W
P39991,YEL025C
P87283,YDR274C
P53122,YGL138C
P38769,YHR035W
P53120,YGL140C
P53054,YGL262W
P38722,YHL049C
P38776,YHR048W
P40449,YIL161W
P40434,YIL177C
P47072,YJL016W
P47115,YJR056C
P40355,YJR061W
P47101,YJR030C
P47137,YJR096W
Q2V2P3,YKL023C-A
P36087,YKL070W
P40892,YJL218W
P47086,YJR011C
P47087,YJR012C
P47090,YJR015W
P36092,YKL044W
P35736,YKL050C
P47009,YJL144W
P36138,YKR045C
P36151,YKR070W
P34249,YKL102C
P34251,YKL107W
P54072,YLR152C
Q3E813,YLR154C-G
P0CE96,YLR156W
A0A023PZG4,YLR236C
P0CY01,YLL067W-A
Q04814,YMR252C
P38430,YMR262W
P40211,YMR141C
Q06199,YLR456W
P53962,YNL035C
P53719,YNR014W
Q03864,YDR102C
Q03900,YDR132C
P0C0V2,YER188C-A
P0CX94,YER190C-B
Q03780,YDR239C
P40001,YEL008W
Q04585,YDR109C
P35723,YKL065C
Q8TGT6,YHR022C-A
Q3E7Z4,YIL046W-A
Q2V2P5,YIL102C-A
P40524,YIL054W
P40483,YIL108W
P47098,YJR027W
P47080,YJL007C
P40579,YIR035C
P40566,YIR007W
P40361,YJL070C
P0CE69,YKR104W
Q3E7A0,YKL106C-A
P35725,YKL063C
Q07988,YLR040C
Q06152,YLR271W
Q12026,YLR053C
Q06409,YLR422W
A2P2R3,YMR084W
Q05881,YLR287C
Q8TGS8,YMR105W-A
P0CX76,YML040W
P38185,YBL071C
P38276,YBR137W
Q2V2P9,YDR119W-A
Q03193,YDR090C
Q12441,YDR210C-C
P53097,YGL193C
O13536,YHR139C-A
Q8TGK0,YHR214C-E
P0CX19,YHR214W
P53116,YGL149W
Q04116,YDR451C
P38829,YHR122W
P38835,YHR131C
P53845,YNL263C
P40520,YIL059C
P40488,YIL102C
P53039,YGR172C
P47099,YJR028W
P28625,YMR152W
P40586,YIR042C
P47139,YJR098C
Q3E837,YJL052C-A
P47148,YJR111C
P47152,YJR115W
P39542,YJL193W
Q2V2P2,YKL065W-A
Q3E826,YKL068W-A
P36103,YKL023W
P0C5P3,YKL145W-A
P36134,YKR041W
Q12110,YLR049C
Q3E810,YLR342W-A
Q12259,YLR108C
P0CY05,YLR159C-A
Q96VH2,YCL001W-B
P53169,YGL060W
P38239,YBR062C
Q05510,YDR344C
P0C289,YDR034C-A
Q2V2Q0,YDL007C-A
P40101,YER186C
P40004,YEL004W
Q12426,YDR010C
P39989,YEL028W
P0C5N0,YFR010W-A
Q3E838,YFR012W-A
Q8TGU2,YFR032C-B
P40071,YER113C
P17536,YNL079C
P00942,YDR050C
Q12256,YOR273C
P31688,YDR074W
P15565,YDR120C
Q02648,YPL030W
P38793,YHR070W
Q03774,YDR165W
P40165,YNL200C
P47149,YJR112W
Q12408,YDL046W
Q12200,YPL006W
P33755,YBR170C
P25353,YCR026C
P38632,YEL019C
Q12457,YDR026C
P53935,YNL091W
Q12311,YPR031W
P36118,YKR022C
P38181,YBL079W
Q08962,YPL211W
Q06162,YLR315W
P53920,YNL123W
P53204,YGR010W
P38861,YHR170W
Q12129,YLR363C
P46970,YJR132W
P32770,YDL167C
Q08485,YOR071C
P27476,YGR159C
Q12143,YPL233W
P38302,YBR188C
P47180,YJR153W
P37012,YMR105C
P33420,YPL174C
P47077,YJL010C
P53718,YNR009W
P53915,YNL129W
P43124,YDL105W
Q03718,YML023C
P53898,YNL156C
P38340,YBR261C
P52593,YML103C
P47054,YJL039C
P40215,YMR145C
P32500,YML031W
P53112,YGL153W
Q08215,YOL044W
P39108,YDR142C
P53248,YGR077C
P16861,YGR240C
P32860,YKL040C
P32494,YDR176W
Q07896,YLR002C
Q02892,YPL093W
P53883,YNL175C
Q99207,YDL148C
P53927,YNL110C
Q01560,YDR432W
P37838,YPL043W
Q12514,YPR072W
P36059,YKL151C
Q06512,YPR144C
P25655,YCR093W
P34909,YER068W
P00560,YCR012W
P40354,YJR062C
P33331,YER009W
P31378,YAL015C
Q08214,YOL043C
Q02630,YMR047C
P35729,YKL057C
P36161,YKR082W
P53896,YNL158W
P32831,YBR212W
Q08444,YOR056C
Q6Q547,YHR072W-A
Q08208,YOL041C
P40007,YER002W
P53317,YGR251W
P40991,YNL061W
Q12080,YPL146C
Q12460,YLR197W
Q12499,YOR310C
Q07623,YDL213C
Q08287,YOL144W
P06100,YDL165W
P40447,YIL164C
P49954,YLR351C
Q06178,YLR328W
P14743,YLR195C
P53253,YGR089W
P06102,YIL038C
P22211,YNL183C
P38082,YBR066C
P53136,YGL111W
P40078,YER126C
P40477,YIL115C
Q05637,YDR281C
P40025,YER037W
P32800,YJL210W
P25374,YCL017C
Q12493,YDR383C
Q03125,YDR043C
Q05541,YDR288W
Q08887,YOR372C
P32340,YML120C
P38848,YHR150W
Q06169,YLR324W
P25584,YCL056C
P42841,YNL317W
Q08972,YPL226W
P53872,YNL190W
Q08213,YOL042W
Q03210,YML118W
P11633,YBR089C-A
P34077,YFR002W
P53081,YGL221C
P25382,YCR072C
P24004,YKL197C
P53203,YGR004W
P35056,YDR244W
P0CE68,YKR103W
Q03264,YMR285C
P32495,YDL208W
Q03435,YDL002C
Q04121,YDR456W
P47016,YJL126W
P08524,YJL167W
Q08905,YOR381W
P53746,YNR060W
Q12333,YOL152W
Q12029,YOR271C
P25585,YCL058C
P53913,YNL133C
P53260,YGR102C
P33892,YGL195W
P43535,YFR009W
P03069,YEL009C
P61830,"YBR010W, YNL031C"
P25653,YCR089W
P40098,YER182W
P38196,YBL042C
P05316,YBR021W
Q08559,YOR183W
P28006,YOR178C
P04385,YBR020W
Q04739,YER027C
P13181,YLR081W
P04386,YPL248C
P11412,YNL241C
P39012,YLR088W
Q07928,YLR013W
Q03557,YMR293C
P18851,YOR212W
P23900,YLL043W
Q05670,YMR232W
P11710,YCL027W
P05373,YGL040C
P04397,YBR019C
P04387,YML051W
P13045,YDR009W
P08431,YBR018C
Q08193,YOL030W
P19145,YKR039W
P18852,YJR086W
P51601,YGR267C
Q03330,YGR252W
P16622,YOR176W
P35197,YDL226C
P00360,YJL052W
P40209,YMR136W
P29703,YKL019W
Q12676,YMR113W
Q08645,YOR241W
Q12209,YLR047C
P32614,YEL047C
Q08908,YOR384W
Q03002,YPL141C
P16892,YBL016W
P32805,YGL254W
P40515,YIL065C
P38631,YLR342W
P46998,YJL161W
Q04991,YMR221C
P53233,YGR052W
P36001,YKL132C
P46949,YGR196C
P38719,YHR169W
Q12123,YOR173W
P06773,YHR144C
P0CH64,YNL335W
Q99321,YOR163W
P89113,YOL052C-A
Q99288,YDR051C
P33327,YDL215C
P03870,R0010W
Q12497,YDR070C
P38231,YBR047W
P50264,YMR020W
Q07825,YLL029W
Q07540,YDL120W
P31381,YAL022C
P40492,YIL097W
Q12247,YLR068W
P38297,YBR179C
P00358,YJR009C
P53978,YNL014W
P08432,YKL184W
Q08949,YPL194W
P0CH63,YFL061W
P18899,YMR173W
P13663,YDR158W
Q3E808,YNL130C-A
P31116,YJR139C
Q03373,YDR480W
P07347,YHR013C
Q04052,YDR421W
P53090,YGL202W
P49090,YGR124W
P53296,YGR177C
P25641,YCR068W
Q03818,YMR159C
Q02887,YPL100W
P38700,YHL019C
P46682,YGR261C
Q04728,YMR062C
P53983,YNL008C
Q04489,YML096W
P38986,YDR321W
Q06834,YPR093C
P37366,YPR025C
P39945,YER101C
P53271,YGR120C
P21595,YDR402C
P33307,YGL238W
Q12468,YDL216C
P53720,YNR015W
P38877,YHR191C
Q03957,YKL139W
P36075,YKL090W
Q08412,YOR042W
P53301,YGR189C
P38125,YBR180W
P38930,YOR039W
P15790,YIL035C
P47130,YJR084W
P19454,YOR061W
P43616,YFR044C
P38149,YBR281C
P46963,YML112W
P47976,YDR151C
P49956,YMR078C
Q04632,YML071C
P15436,YDL102W
P40509,YIL076W
P53622,YDL145C
P27697,YGL119W
P40086,YER141W
P38723,YHL048W
P36034,YKL219W
Q04935,YDR231C
P38824,YHR116W
P48510,YMR276W
P40568,YIR010W
Q07560,YDL142C
Q08226,YOL063C
Q05790,YLR213C
P38845,YHR146W
Q03048,YLL050C
Q12289,YOR100C
Q04930,YDR223W
P38308,YBR203W
Q12734,YPR030W
P19516,YPL132W
Q3E731,YLL018C-A
P47187,YJR161C
P00401,Q0045
P47081,YJL003W
P00420,Q0275
P04037,YGL187C
P04039,YLR395C
P53314,YGR247W
P17898,YNL130C
P38892,YHR209W
P25651,YCR086W
P40465,YIL132C
Q04659,YMR048W
Q08955,YPL200W
P53859,YNL232W
P20486,YBR135W
Q12510,YDL156W
Q06156,YLR272C
Q3E823,YPL189C-A
Q05809,YLR218C
P38774,YHR044C
P53959,YNL041C
P53195,YGL005C
P10614,YHR007C
P38773,YHR043C
P46957,YJR006W
P53239,YGR062C
P0CX12,YBR302C
P43542,YFL062W
Q07788,YDL248W
Q3E7A4,YBL059C-A
P00427,YHR051W
P00424,YNL052W
P07255,YDL067C
P00425,YIL111W
P53847,YNL258C
P32601,YPR017C
P53600,YPL010W
P32798,YOR316C
P00410,Q0250
P10174,YMR256C
P36064,YKL137W
P14306,YLR178C
P39112,YMR287C
Q07648,YDL219W
Q06538,YLR241W
P43639,YGL019W
Q04149,YDR386W
P19524,YOR326W
P23503,YNL240C
P40460,YIL144W
P08018,YJL128C
P53259,YGR101W
P38794,YHR071W
P40186,YIL050W
Q08966,YPL219W
P32838,YNR032W
P53756,YNR070W
Q06608,YPR172W
Q12006,YOL003C
Q04493,YML094W
P46988,YJL179W
P32452,YNL316C
P25297,YML123C
Q06651,YDR313C
P40091,YER149C
P12868,YMR231W
Q99373,YPL159C
P38921,YNL003C
P25360,YCR037C
P05066,YOR386W
P07270,YFR034C
P38744,YHL018W
P0CE90,YNR076W
P53297,YGR178C
P33302,YOR153W
P40335,YJL053W
Q00618,YJL031C
P20133,YPR176C
Q3E770,YBL108C-A
P53860,YNL231C
P33200,YBL005W
Q06149,YLR266C
P27801,YLR148W
P32609,YDR323C
P06738,YPR160W
P34217,YBL051C
P32896,YDR081C
Q04182,YDR406W
P40530,YIL042C
P25646,YCR079W
P25578,YCL004W
Q03674,YMR006C
P0CE91,YLL064C
P0CE86,YOR394W
P0CE87,YPL282C
P10963,YKR097W
P23594,YDL134C
P23595,YDL188C
P36139,YKR046C
P25362,YCR020C
P35994,YKL224C
P0CE85,YMR325W
Q12477,YDL179W
Q02785,YPL058C
P53844,YNL264C
P10834,YGR222W
P53261,YGR103W
Q12515,YDL173W
P38126,YBR186W
P40038,YER059W
P40345,YNR008W
P53170,YGL059W
P12383,YGL013C
P38075,YBR035C
P50085,YGR231C
P17157,YPL031C
P07269,YDL106C
P39684,YFR023W
Q05568,YDR265W
P48363,YGR078C
P80667,YLR191W
Q03289,YDR459C
P38361,YBR296C
P39535,YJL198W
P50947,YNL097C
P20052,YOL001W
P17442,YGR233C
P53252,YGR086C
Q03407,YDR490C
P32492,YAL029C
P08964,YHR023W
Q02642,YPL037C
Q3E7Y6,YHR199C-A
Q06389,YDR373W
P39718,YAL055W
Q08580,YOR193W
Q07913,YLR007W
P38837,YHR133C
Q04958,YML059C
Q02629,YKL068W
P49687,YGL092W
P40064,YER105C
P33401,YKL127W
Q03262,YMR278W
Q12252,YOL084W
P46673,YJR042W
P07271,YML061C
P06776,YOR360C
Q04264,YMR076C
P17967,YCL043C
P40550,YIL013C
Q12164,YLL023C
P0CE93,YGL261C
P0CE89,YIL176C
P38155,YBR301W
P20604,YDL047W
P38151,YBR233W
P24867,YNL289W
P25693,YDL127W
P13259,YGR202C
P33767,YEL002C
P36102,YKL025C
P48565,YNL294C
Q04430,YDR531W
P40585,YIR041W
P32598,YER133W
Q3E833,YKR095W-A
P53124,YGL134W
P06169,YLR044C
Q12511,YOR090C
P40459,YIL145C
Q12370,YLL025W
P29468,YKR002W
P43575,YFL020C
P0CE92,YAL068C
Q07362,YDL053C
P39081,YDR228C
P22434,YGL248W
P16467,YLR134W
P26263,YGR087C
P41816,YPL171C
P43558,YFL044C
P32521,YIR006C
P53632,YOL115W
P38787,YHR063C
P0CE88,YJL223C
P25610,YCR104W
P39545,YAR020C
P25644,YCR077C
Q12524,YLR151C
P15873,YBR088C
P51533,YOR328W
Q05518,YDR348C
P37304,YDR251W
Q12033,YOR275C
P53343,YGR294W
P32612,YEL049W
P53427,YLR461W
P25580,YCL052C
P32833,YBR060C
Q04734,YMR063W
Q08322,YOL161C
Q07987,YLR037C
P38219,YBR025C
Q99380,YDL232W
Q92316,YGL226C-A
Q03723,YML019W
Q08692,YOR255W
P40219,YMR148W
P05150,YJL088W
P37254,YNR033W
P40960,YDR488C
P33751,YDR538W
P36147,YKR065C
P38826,YHR118C
Q06810,YPR075C
P41543,YJL002C
P38747,YHL013C
P38351,YBR279W
P40035,YER053C
P49686,YDR192C
Q06668,YDR316W
Q02795,YMR149W
Q03266,YMR289W
P04147,YER165W
P33400,YHL027W
P53179,YGL045W
P53010,YGL094C
P08466,YJL208C
P33895,YOL069W
P53397,YML060W
P12695,YNL071W
P50874,YNL261W
P53224,YGR038W
Q02201,YKR003W
Q03558,YHR179W
Q06144,YLR350W
Q12375,YOR130C
P48439,YOR085W
Q04049,YDR419W
P32263,YER023W
P39937,YER007W
P32567,YMR165C
Q12445,YLR018C
Q03050,YDR542W
P38725,YHL046C
P21957,YHL020C
P35845,YAR042W
Q12451,YDL019C
P21375,YJR051W
P38122,YBR176W
P16547,YIL136W
P38271,YBR129C
P54964,YLR059C
Q99220,YDR057W
P43611,YFR039C
Q08202,YOL032W
Q06593,YPR194C
P54790,YLL004W
P54791,YPR162C
P38713,YHR073W
P38755,YHR001W
Q12202,YLR054C
P46964,YOR103C
P39952,YER154W
Q12447,YDR071C
P00950,YKL152C
P40473,YIL122W
Q12245,YPL144W
P38208,YBL018C
P06197,YPR113W
P52960,YOR363C
Q07930,YLR016C
P53833,YNL282W
P38336,YBR257W
P53218,YGR030C
P39966,YER089C
P40506,YIL083C
Q12236,YOL100W
P87284,YDR276C
P07283,YFL045C
Q06449,YPR154W
P33333,YDL052C
Q12017,YOR281C
P33775,YDL095W
P36069,YKL128C
Q99216,YOR145C
P38218,YBR022W
Q04636,YML069W
Q03178,YKL164C
Q04004,YDR183W
P46971,YJR143C
P35182,YDL006W
P34221,YBL056W
P38148,YBR276C
P40012,YER014W
P52867,YDL093W
Q05788,YLR209C
P39008,YNR052C
P38291,YBR167C
P38693,YHR215W
P40164,YNL201C
P46999,YJL160C
Q12326,YOL056W
P47190,YOR321W
P19881,YDL236W
P25576,YCL047C
P36093,YKL043W
P18898,YGL155W
P46956,YJL117W
P38264,YBR106W
Q03180,YKL163W
Q06494,YPR127W
P32634,YER132C
Q12008,YDL021W
P40961,YGR132C
P53191,YGL023C
Q12057,YOR104W
P32383,YPL268W
P38197,YBL036C
P40975,YEL017C-A
Q03306,YDR466W
Q04383,YDR501W
P05375,YJR073C
Q03760,YML107C
P05030,YGL008C
P14242,YNL082W
P19657,YPL036W
P32903,YCR024C-A
Q06644,YDR307W
Q02199,YGL172W
P48837,YGR119C
P32499,YLR335W
P19262,YDR148C
P16387,YER178W
P40897,YJL212C
P20967,YIL125W
P54784,YML065W
Q08952,YPL196W
P40010,YER006W
P07991,YLR438W
P38738,YHL029C
P32473,YBR221C
Q03028,YPL134C
P40187,YIL045W
P39720,YAL051W
P36023,YKR064W
P39104,YNL267W
P38325,YBR230C
P40368,YJL061W
Q06216,YLR273C
Q12255,YLR093C
Q02803,YPL052W
P38768,YHR034C
Q99297,YOR222W
P50946,YNL099C
P16451,YGR193C
P36163,YKR087C
P28273,YKL215C
P39705,YAR002W
P32332,YKL120W
P53949,YNL056W
P25366,YCR095C
Q12066,YDL089W
Q03790,YMR153W
Q12454,YDR067C
P31755,YGL038C
P32336,YOR373W
Q00402,YDR150W
P20676,YOR098C
Q05166,YDL088C
P52891,YDL116W
P38881,YHR195W
P41812,YNL221C
P38193,YBL046W
P07272,YLR014C
P39105,YMR008C
Q08108,YOL011W
P35999,YKL134C
Q07951,YLR021W
P39685,YMR129W
P14747,YML057W
P32345,YDR075W
P38089,YBR125C
P38797,YHR076W
P33329,YDR436W
P36040,YKL206C
P28005,YAL033W
P40347,YPR073C
P11491,YDR481C
Q12036,YPL148C
P40476,YIL117C
P53633,YNL044W
Q03776,YDR235W
P42934,YGR199W
Q06892,YPL188W
P24031,YBR092C
P00635,YBR093C
P53835,YNL279W
P31382,YAL023C
Q02890,YPL096W
P53184,YGL037C
Q12412,YOR161C
P38969,YOR266W
Q05778,YLR199C
P23287,YLR433C
P35842,YAR071W
P52290,YDL024C
P53691,YLR216C
P26570,YML016C
Q04705,YML047C
P39551,YAR031W
P40494,YIL095W
Q12428,YPR002W
P23639,YML092C
P32523,YLL036C
Q04119,YDR452W
P38796,YHR075C
P36110,YKR013W
Q01939,YGL048C
P19736,YDL030W
P32854,YOR036W
P40005,YEL003W
Q12462,YOL147C
P42836,YNL326C
Q04370,YMR026C
P53900,YNL153C
P52553,YLR200W
P27514,YNR013C
Q03880,YMR123W
P10363,YIR008C
P20457,YKL045W
Q12417,YPL151C
Q08931,YPL192C
P32264,YDR300C
Q00723,YGR075C
P40302,YMR314W
P40534,YIL037C
P54885,YOR323C
P47033,YJL078C
P25375,YCL057W
P33297,YOR117W
P49704,YGR091W
P38698,YHR201C
P32945,YPL179W
Q12498,YPL156C
Q12459,YDL039C
P42946,YJL108C
P40327,YDL007W
P30656,YPR103W
Q07350,YDL043C
P15938,YKR086W
P28004,YAL032C
P34227,YBL064C
P38624,YJL001W
P53174,YGL053W
P39006,YNL169C
P53043,YGR123C
P53131,YGL120C
P09232,YEL060C
P21372,YBR237W
P33298,YDR394W
P21242,YOR362C
P23638,YGR135W
P23394,YDR243C
P40968,YDR364C
P39682,YML046W
Q03338,YDR473C
P53549,YOR259C
P32524,YJL203W
P23724,YBL041W
Q07747,YDL243C
P39970,YER045C
P14164,YKL112W
Q03233,YMR184W
P31787,YGR037C
P21192,YLR131C
Q01574,YAL054C
P38113,YBR145W
Q01976,YBR111C
P32493,YMR064W
P22136,YMR282C
P31383,YAL016W
Q03771,YDR161W
P32463,YKL192C
P40433,YIL107C
P37898,YHR047C
Q01802,YKL106W
Q08361,YOL165C
P08521,YOR302W
Q00955,YNR016C
P40535,YIL036W
P47146,YJR108W
P32316,YBL015W
P38720,YHR183W
P53319,YGR256W
Q02895,YPL088W
Q00362,YGL190C
P38903,YOR014W
P47096,YJR025C
P12904,YGL115W
P35181,YLR170C
P53068,YGL240W
P37302,YBR286W
P00812,YPL111W
P53886,YNL172W
P38285,YBR158W
P43553,YFL050C
P38207,YBL019W
P53943,YNL065W
P38832,YHR126C
Q01217,YER069W
P36000,YKL135C
Q12028,YPR029C
P22108,YDR530C
P38065,YBL037W
P36090,YKL047W
P19880,YML007W
P22936,YKL114C
P46672,YGL105W
P40024,YER036C
P18544,YOL140W
P15274,YML035C
P16550,YCL050C
Q00776,YPL259C
Q12157,YDL008W
P0CD91,YPR192W
P53629,YNR019W
P47064,YJL024C
P27351,YJR005W
P36117,YKR021W
P38153,YBR288C
Q08951,YPL195W
P32858,YKL037W
P40351,YOR067C
P47771,YMR170C
P46367,YOR374W
P50082,YGR225W
P32357,YBL074C
P28240,YER065C
Q07622,YDL203C
P21147,YGL055W
P07246,YMR083W
P10127,YGL256W
P23542,YLR027C
P52910,YLR153C
P15891,YCR088W
P47129,YJR083C
P13711,YGL205W
P00331,YMR303C
Q05955,YLR227C
P60010,YFL039C
P38872,YHR185C
P32781,YGL032C
P39925,YER017C
Q2V2Q1,YCL058W-A
P25377,YCR105W
Q08957,YPL202C
Q04894,YMR318C
P38090,YBR132C
Q12449,YDR214W
P10869,YER052C
P52892,YDR111C
Q12089,YPL005W
P22149,YGL071W
P38628,YEL058W
P32794,YLR397C
Q04689,YML050W
P38013,YLR109W
Q07732,YDL239C
P23180,YHL021C
P19414,YLR304C
P03875,Q0050
P03876,Q0055
Q99222,YOR129C
P54783,YML086C
P32459,YIR032C
P38856,YHR161C
Q04212,YMR041C
P00330,YOL086C
P25371,YCR011C
P16661,YBR110W
P32323,YNR044W
Q12184,YPL252C
P47015,YJL131C
P36154,YKR074W
Q12032,YOR215C
P53930,YNL107W
Q04516,YML087C
P38884,YHR198C
Q07716,YDL237W
P25376,YCL025C
P29589,YHR093W
P46680,YMR092C
P50076,YGR227W
P47029,YJL084C
P22580,YDR242W
P43636,YGL065C
P43633,YGL021W
P32789,YBL009W
P38179,YBL082C
P54115,YPL061W
P38266,YBR108W
P47127,YJR080C
P38080,YBR059C
Q99299,YPL158C
Q99186,YOL062C
P53730,YNR030W
P25335,YIR029W
P08019,YIL099W
Q12440,YLR127C
P53940,YNL077W
P53309,YGR241C
P53868,YNL219C
Q06497,YPR128C
P32629,YEL036C
Q04413,YDR525W
P47140,YJR100C
P52923,YNR074C
P38885,YHR199C
P53178,YGL047W
Q12001,YOR002W
P18238,YBR085W
Q12433,YOR023C
Q12482,YPR021C
P39721,YAL049C
Q08548,YOR175C
P47019,YJL122W
P52893,YLR089C
P25649,YCR082W
P40350,YPL227C
P53954,YNL048W
P40047,YER073W
Q02336,YDR448W
P40451,YIL158W
Q08223,YOL053W
Q12013,YOR034C
P38242,YBR070C
P32375,YIR027C
P38971,YNL270C
P14904,YKL103C
P43548,YFL055W
Q9ZZX0,Q0075
Q03673,YMR003W
Q12476,YDL175C
Q08981,YPL267W
P39533,YJL200C
P53909,YNL141W
P25613,YCR010C
P40502,YIL087C
P43567,YFL030W
P87275,YER093C-A
P14540,YKL060C
P07248,YDR216W
P33304,YDR085C
P40053,YER080W
P04710,YMR056C
P32317,YEL052W
P18239,YBL030C
Q04412,YDR524C
P40529,YIL044C
P47143,YJR105W
P40563,YIR003W
Q03798,YMR157C
P40507,YIL079C
P54114,YMR169C
P48360,YDR376W
P53109,YGL160W
Q12156,YDR063W
P38305,YBR194W
P39010,YDR264C
Q08269,YOL130W
P47177,YJR149W
P42884,YNL331C
Q12031,YPR006C
Q08641,YOR239W
Q02486,YMR072W
P47182,YJR155W
Q12471,YOL136C
P25612,YCR107W
Q02804,YPL051W
P54074,YMR119W
P40467,YIL130W
P46993,YJL170C
P48361,YGR097W
P0CX79,YLR160C
Q07528,YDL113C
Q12421,YDR022C
P81450,YML081C-A
P50273,YDR350C
P00854,Q0085
P40986,YDR182W
P53111,YGL157W
P53974,YNL020C
P22768,YOL058W
P39524,YAL026C
Q06410,YLR423C
P25568,YCL038C
P53104,YGL180W
P40344,YNR007C
Q99325,YOR152C
Q12048,YPL250C
Q12380,YPL149W
P46983,YJL185C
Q06159,YLR312C
P38862,YHR171W
P11076,YDL192W
P40994,YOR094W
P47117,YJR065C
P80428,YJL081C
P40518,YIL062C
P32660,YER166W
P39986,YEL031W
P40527,YIL048W
Q12527,YPR049C
P40353,YOR377W
Q06628,YPR185W
P38316,YBR217W
P35193,YOL082W
Q12092,YPL166W
Q06321,YLR189C
P46989,YJL178C
P53855,YNL242W
P53867,YNL223W
P40458,YIL146C
Q06485,YLR356W
Q05789,YLR211C
P00431,YKR066C
P48016,YPR026W
P40416,YMR301C
P38110,YBL088C
Q12127,YLR110C
P18496,YLR393W
P32453,YNL315C
Q12349,YLR295C
P07249,YMR042W
P50275,YOR058C
P35734,YKL052C
Q03702,YKL011C
P0CZ17,YLR155C
P0CX77,YLR157C
P0CX78,YLR158C
P49089,YPR145W
P50077,YGR217W
P35183,YBL069W
P13586,YGL167C
P16639,YGL017W
P38270,YBR128C
Q07879,YLL042C
Q06671,YLR431C
P40155,YNL214W
P38855,YHR160C
Q02969,YPL112C
P28795,YDR329C
Q12181,YPR048W
P36052,YKL162C
Q12746,YML125C
P53939,YNL078W
P38798,YHR077C
P39744,YOR206W
P53742,YNR053C
P48234,YGR145W
P39997,YEL016C
P38742,YHL023C
P39683,YOR209C
P53617,YNL251C
Q07418,YDL065C
P50091,YGR239C
Q03370,YDR479C
P33760,YNL329C
P36003,YKL171W
P39923,YEL062W
P53164,YGL067W
P14907,YJL041W
P25339,YGL014W
P07244,YGL234W
P41056,YOR234C
P21264,YOR128C
P05745,YMR194W
P07275,YHR037W
P25502,YKL015W
P49166,YLR185W
P32327,YBR218C
P38972,YGR061C
P04046,YMR300C
P05744,YPL143W
P53294,YGR169C
P21304,YLR196W
P25635,YCR057C
Q08217,YOL045W
P40048,YER075C
P80210,YNL220W
P51402,YDR500C
P49167,YLR325C
P07259,YJL130C
P38958,YDR079W
P38876,YHR189W
Q12461,YPL152W
P54113,YLR028C
P38009,YMR120C
P53167,YGL063W
P0CH09,YKR094C
Q12146,YOL146W
P29461,YOR208W
Q07807,YLL013C
Q12069,YDL036C
Q12211,YPL212C
Q06244,YLR165C
P0CH08,YIL148W
Q07500,YDL085W
P36010,YKL067W
P38830,YHR124W
Q06148,YLR265C
P38757,YHR004C
P47035,YJL076W
P11632,YPR052C
Q08959,YPL206C
Q02771,YER058W
P10355,YER153C
P32588,YNL016W
P40100,YER185W
Q05911,YLR359W
P0CX85,YDL136W
O14455,YPL249C-A
Q07949,YLR019W
P08456,YER026C
P32606,YOR017W
Q02772,YJR034W
P40454,YIL153W
Q06991,YLR414C
P40508,YIL077C
P38061,YBL092W
Q08647,YOR243C
P09368,YLR142W
P31115,YFL001W
Q02256,YIR026C
P41909,YPL147W
P36166,YKR090W